year,genre,total_movies,avg_rating,avg_budget,total_box_office,success_rate,avg_roi,roi_volatility
1950,Drama,14,5.1290128552845635,0.0,110000,0.0,0.0,0.0
1950,Family,1,5.0,0.0,110000,0.0,0.0,0.0
1950,History,1,5.0,0.0,0,0.0,0.0,0.0
1950,Romance,3,5.5017166594399685,0.0,0,0.0,0.0,0.0
1950,Thriller,1,5.301029995663981,0.0,0,0.0,0.0,0.0
1950,Unknown,3,5.0,0.0,0,0.0,0.0,0.0
1951,Action,1,5.0,0.0,0,0.0,0.0,0.0
1951,Adventure,1,5.0,0.0,0,0.0,0.0,0.0
1951,Drama,13,5.175638556054119,0.0,0,0.0,0.0,0.0
1951,Family,2,5.0,0.0,0,0.0,0.0,0.0
1951,History,1,5.0,0.0,0,0.0,0.0,0.0
1951,Horror,1,5.301029995663981,0.0,0,0.0,0.0,0.0
1951,Music,3,5.7024033232159566,0.0,0,0.0,0.0,0.0
1951,Mystery,1,5.301029995663981,0.0,0,0.0,0.0,0.0
1951,Romance,9,5.301029995663981,0.0,0,0.0,0.0,0.0
1951,Thriller,1,5.301029995663981,0.0,0,0.0,0.0,0.0
1951,Unknown,23,5.060009184422244,0.0,0,0.0,0.0,0.0
1952,Action,4,5.211274510003564,0.0,0,0.0,0.0,0.0
1952,Adventure,3,5.281699346671419,0.0,0,0.0,0.0,0.0
1952,Comedy,2,5.0,0.0,0,0.0,0.0,0.0
1952,Crime,1,5.301029995663981,0.0,0,0.0,0.0,0.0
1952,Drama,19,5.193287753319373,0.0,17000000,0.0,0.0,0.0
1952,Family,1,5.0,0.0,0,0.0,0.0,0.0
1952,History,1,5.477121254719663,0.0,0,0.0,0.0,0.0
1952,Horror,3,5.100343331887994,0.0,0,0.0,0.0,0.0
1952,Music,3,5.382042678559412,0.0,17000000,0.0,0.0,0.0
1952,Mystery,1,5.0,0.0,0,0.0,0.0,0.0
1952,Romance,8,5.218523503375775,0.0,17000000,0.0,0.0,0.0
1952,Thriller,3,5.301029995663981,0.0,0,0.0,0.0,0.0
1952,Unknown,7,5.086008570189709,0.0,0,0.0,0.0,0.0
1953,Adventure,3,5.200686663775987,0.0,0,0.0,0.0,0.0
1953,Comedy,2,5.0,0.0,0,0.0,0.0,0.0
1953,Crime,1,5.301029995663981,0.0,0,0.0,0.0,0.0
1953,Documentary,1,5.0,0.0,0,0.0,0.0,0.0
1953,Drama,21,5.221746335518326,0.0,0,0.0,0.0,0.0
1953,Family,2,5.238560627359831,0.0,0,0.0,0.0,0.0
1953,Fantasy,1,5.0,0.0,0,0.0,0.0,0.0
1953,History,4,5.325257498915995,0.0,0,0.0,0.0,0.0
1953,Horror,1,5.0,0.0,0,0.0,0.0,0.0
1953,Music,1,5.0,0.0,0,0.0,0.0,0.0
1953,Romance,4,5.075257498915995,0.0,0,0.0,0.0,0.0
1953,Unknown,8,5.150514997831991,0.0,0,0.0,0.0,0.0
1954,Adventure,3,5.200686663775987,0.0,0,0.0,0.0,0.0
1954,Comedy,1,5.0,0.0,0,0.0,0.0,0.0
1954,Crime,1,5.903089986991944,0.0,0,0.0,0.0,0.0
1954,Drama,18,5.161282777055108,0.0,0,0.0,0.0,0.0
1954,Family,2,5.0,0.0,0,0.0,0.0,0.0
1954,Fantasy,2,5.150514997831991,0.0,0,0.0,0.0,0.0
1954,Horror,1,5.0,0.0,0,0.0,0.0,0.0
1954,Music,2,5.4225490200071285,0.0,0,0.0,0.0,0.0
1954,Mystery,1,5.0,0.0,0,0.0,0.0,0.0
1954,Romance,6,5.4418796689996904,0.0,0,0.0,0.0,0.0
1954,Unknown,8,5.0,0.0,0,0.0,0.0,0.0
1955,Action,6,5.0,0.0,0,0.0,0.0,0.0
1955,Adventure,2,5.0,0.0,0,0.0,0.0,0.0
1955,Comedy,7,5.41950196321127,0.0,0,0.0,0.0,0.0
1955,Crime,5,5.060205999132796,0.0,0,0.0,0.0,0.0
1955,Documentary,2,5.0,0.0,0,0.0,0.0,0.0
1955,Drama,17,5.311099780034721,0.0,0,0.0,0.0,0.0
1955,Family,2,5.0,0.0,0,0.0,0.0,0.0
1955,Fantasy,2,5.0,0.0,0,0.0,0.0,0.0
1955,History,1,5.0,0.0,0,0.0,0.0,0.0
1955,Music,3,5.825707084906554,0.0,0,0.0,0.0,0.0
1955,Romance,11,5.437415909624599,0.0,0,0.0,0.0,0.0
1955,Thriller,2,5.0,0.0,0,0.0,0.0,0.0
1955,Unknown,9,5.066895554591996,0.0,0,0.0,0.0,0.0
1956,Action,3,5.0,0.0,0,0.0,0.0,0.0
1956,Adventure,1,5.0,0.0,0,0.0,0.0,0.0
1956,Comedy,6,5.100343331887994,0.0,0,0.0,0.0,0.0
1956,Crime,2,5.0,0.0,0,0.0,0.0,0.0
1956,Documentary,1,5.0,0.0,0,0.0,0.0,0.0
1956,Drama,17,5.1239535276263455,0.0,0,0.0,0.0,0.0
1956,Family,1,5.0,0.0,0,0.0,0.0,0.0
1956,Fantasy,2,5.0,0.0,0,0.0,0.0,0.0
1956,History,1,5.0,0.0,0,0.0,0.0,0.0
1956,Music,2,5.0,0.0,0,0.0,0.0,0.0
1956,Mystery,1,5.0,0.0,0,0.0,0.0,0.0
1956,Romance,8,5.150514997831991,0.0,0,0.0,0.0,0.0
1956,Thriller,1,5.0,0.0,0,0.0,0.0,0.0
1956,Unknown,10,5.060205999132796,0.0,0,0.0,0.0,0.0
1957,Adventure,1,5.903089986991944,0.0,0,0.0,0.0,0.0
1957,Comedy,7,5.290489107926708,0.0,0,0.0,0.0,0.0
1957,Crime,4,5.389075625191822,0.0,0,0.0,0.0,0.0
1957,Documentary,1,5.301029995663981,0.0,0,0.0,0.0,0.0
1957,Drama,23,5.377018848971808,43478.260869565216,1500000,0.0,0.021739130434782608,0.10425720702853739
1957,Family,2,5.5,0.0,0,0.0,0.0,0.0
1957,History,1,5.903089986991944,0.0,0,0.0,0.0,0.0
1957,Horror,1,5.0,0.0,0,0.0,0.0,0.0
1957,Music,1,5.477121254719663,0.0,0,0.0,0.0,0.0
1957,Mystery,3,5.100343331887994,0.0,0,0.0,0.0,0.0
1957,Romance,12,5.342210904485198,0.0,0,0.0,0.0,0.0
1957,Science Fiction,1,5.0,0.0,0,0.0,0.0,0.0
1957,Thriller,4,5.313818126275827,0.0,0,0.0,0.0,0.0
1957,Unknown,4,5.150514997831991,0.0,0,0.0,0.0,0.0
1958,Action,4,5.150514997831991,0.0,0,0.0,0.0,0.0
1958,Adventure,3,5.0,0.0,0,0.0,0.0,0.0
1958,Comedy,5,5.34963760540124,0.0,0,0.0,0.0,0.0
1958,Crime,6,5.24618687578661,0.0,0,0.0,0.0,0.0
1958,Documentary,1,5.0,0.0,0,0.0,0.0,0.0
1958,Drama,23,5.180027553266731,0.0,0,0.0,0.0,0.0
1958,Family,3,5.0,0.0,0,0.0,0.0,0.0
1958,Fantasy,1,5.0,0.0,0,0.0,0.0,0.0
1958,History,2,5.0,0.0,0,0.0,0.0,0.0
1958,Music,6,5.280206872895931,0.0,0,0.0,0.0,0.0
1958,Mystery,5,5.4510545010206615,0.0,0,0.0,0.0,0.0
1958,Romance,5,5.45666024574071,0.0,0,0.0,0.0,0.0
1958,Thriller,4,5.194537812595911,0.0,0,0.0,0.0,0.0
1958,Unknown,10,5.060205999132796,0.0,0,0.0,0.0,0.0
1959,Action,2,5.150514997831991,0.0,0,0.0,0.0,0.0
1959,Adventure,1,5.0,0.0,0,0.0,0.0,0.0
1959,Comedy,2,5.150514997831991,0.0,0,0.0,0.0,0.0
1959,Crime,2,5.150514997831991,0.0,0,0.0,0.0,0.0
1959,Drama,19,5.260713004304088,0.0,0,0.0,0.0,0.0
1959,Family,4,5.075257498915995,0.0,0,0.0,0.0,0.0
1959,Music,3,5.301029995663981,0.0,0,0.0,0.0,0.0
1959,Mystery,1,5.0,0.0,0,0.0,0.0,0.0
1959,Romance,8,5.543935886306214,0.0,0,0.0,0.0,0.0
1959,Thriller,1,5.0,0.0,0,0.0,0.0,0.0
1959,Unknown,10,5.077815125038365,0.0,0,0.0,0.0,0.0
1960,Action,3,5.401373327551975,0.0,0,0.0,0.0,0.0
1960,Adventure,1,5.301029995663981,0.0,0,0.0,0.0,0.0
1960,Comedy,5,5.289431606268444,0.0,0,0.0,0.0,0.0
1960,Crime,4,5.420310309343897,0.0,0,0.0,0.0,0.0
1960,Documentary,2,5.0,0.0,0,0.0,0.0,0.0
1960,Drama,18,5.41900190366202,10068.833333333334,1329088,5.555555555555555,0.35185246491587846,1.4927835835153165
1960,Family,4,5.488560627359831,0.0,0,0.0,0.0,0.0
1960,Fantasy,1,5.0,0.0,0,0.0,0.0,0.0
1960,History,1,5.0,0.0,0,0.0,0.0,0.0
1960,Horror,3,5.0,0.0,0,0.0,0.0,0.0
1960,Music,3,5.916062675668734,0.0,0,0.0,0.0,0.0
1960,Romance,11,5.56016572947316,16476.272727272728,1329088,9.090909090909092,0.5757585789532557,1.909575176216164
1960,Science Fiction,1,5.0,0.0,0,0.0,0.0,0.0
1960,Thriller,2,5.150514997831991,0.0,0,0.0,0.0,0.0
1960,Unknown,14,5.2097509816056355,0.0,0,0.0,0.0,0.0
1960,War,1,5.0,0.0,0,0.0,0.0,0.0
1961,Action,1,5.0,0.0,0,0.0,0.0,0.0
1961,Comedy,7,5.204480537736998,0.0,0,0.0,0.0,0.0
1961,Crime,1,5.0,0.0,0,0.0,0.0,0.0
1961,Drama,20,5.25958931237911,0.0,0,0.0,0.0,0.0
1961,Family,2,5.389075625191822,0.0,0,0.0,0.0,0.0
1961,Fantasy,1,5.0,0.0,0,0.0,0.0,0.0
1961,History,1,5.301029995663981,0.0,0,0.0,0.0,0.0
1961,Horror,1,5.0,0.0,0,0.0,0.0,0.0
1961,Music,3,5.100343331887994,0.0,0,0.0,0.0,0.0
1961,Romance,6,5.2168383326106635,0.0,0,0.0,0.0,0.0
1961,Science Fiction,1,5.0,0.0,0,0.0,0.0,0.0
1961,Thriller,2,5.0,0.0,0,0.0,0.0,0.0
1961,Unknown,10,5.210037054511757,0.0,0,0.0,0.0,0.0
1962,Action,2,5.627636252551653,0.0,0,0.0,0.0,0.0
1962,Adventure,1,5.0,0.0,0,0.0,0.0,0.0
1962,Comedy,8,5.404692967267859,8375.0,0,0.0,-0.125,0.3535533905932738
1962,Crime,2,5.150514997831991,0.0,0,0.0,0.0,0.0
1962,Documentary,1,5.0,0.0,0,0.0,0.0,0.0
1962,Drama,16,5.318429764660884,4187.5,101000,0.0,-0.0625,0.25
1962,Family,1,5.0,0.0,0,0.0,0.0,0.0
1962,Fantasy,2,5.0,0.0,0,0.0,0.0,0.0
1962,History,1,5.0,0.0,0,0.0,0.0,0.0
1962,Horror,1,5.698970004336019,0.0,0,0.0,0.0,0.0
1962,Music,2,5.889075625191822,0.0,101000,0.0,0.0,0.0
1962,Mystery,3,5.492373751573221,0.0,0,0.0,0.0,0.0
1962,Romance,9,5.345845000170509,7444.444444444444,0,0.0,-0.1111111111111111,0.33333333333333337
1962,Thriller,2,5.349485002168009,0.0,0,0.0,0.0,0.0
1962,Unknown,7,5.068160179245666,0.0,0,0.0,0.0,0.0
1963,Action,2,5.150514997831991,0.0,0,0.0,0.0,0.0
1963,Adventure,1,5.0,0.0,0,0.0,0.0,0.0
1963,Comedy,5,5.328690535297238,0.0,0,0.0,0.0,0.0
1963,Crime,2,5.0,0.0,0,0.0,0.0,0.0
1963,Documentary,1,5.0,0.0,0,0.0,0.0,0.0
1963,Drama,18,5.244291365611688,0.0,0,0.0,0.0,0.0
1963,Family,1,5.6020599913279625,0.0,0,0.0,0.0,0.0
1963,Fantasy,4,5.075257498915995,0.0,0,0.0,0.0,0.0
1963,History,1,5.698970004336019,0.0,0,0.0,0.0,0.0
1963,Horror,3,5.100343331887994,0.0,0,0.0,0.0,0.0
1963,Music,5,5.408278537031645,0.0,0,0.0,0.0,0.0
1963,Mystery,1,5.0,0.0,0,0.0,0.0,0.0
1963,Romance,18,5.27563977841383,0.0,0,0.0,0.0,0.0
1963,Unknown,15,5.118543416692243,0.0,0,0.0,0.0,0.0
1964,Action,4,5.301029995663981,0.0,0,0.0,0.0,0.0
1964,Adventure,5,5.120411998265593,0.0,0,0.0,0.0,0.0
1964,Animation,1,5.0,0.0,0,0.0,0.0,0.0
1964,Documentary,1,5.0,0.0,0,0.0,0.0,0.0
1964,Drama,17,5.367779465275582,0.0,0,0.0,0.0,0.0
1964,Family,3,5.281699346671419,0.0,0,0.0,0.0,0.0
1964,Fantasy,1,5.0,0.0,0,0.0,0.0,0.0
1964,History,2,5.0,0.0,0,0.0,0.0,0.0
1964,Horror,2,5.389075625191822,0.0,0,0.0,0.0,0.0
1964,Music,5,5.531792968532887,0.0,0,0.0,0.0,0.0
1964,Mystery,3,5.693060415349208,0.0,0,0.0,0.0,0.0
1964,Romance,10,5.365896484266443,0.0,0,0.0,0.0,0.0
1964,Science Fiction,1,5.301029995663981,0.0,0,0.0,0.0,0.0
1964,Thriller,3,5.592717083461214,0.0,0,0.0,0.0,0.0
1964,Unknown,13,5.106170095516277,0.0,0,0.0,0.0,0.0
1964,War,1,5.6020599913279625,0.0,0,0.0,0.0,0.0
1965,Action,5,5.251054501020661,0.0,0,0.0,0.0,0.0
1965,Adventure,7,5.204480537736998,0.0,0,0.0,0.0,0.0
1965,Comedy,6,5.426050416794548,0.0,0,0.0,0.0,0.0
1965,Crime,2,5.520696342579113,0.0,0,0.0,0.0,0.0
1965,Drama,21,5.324904974650066,9719.0,408198,4.761904761904762,0.047619047619047616,0.2182178902359924
1965,Family,2,5.627636252551653,0.0,0,0.0,0.0,0.0
1965,Fantasy,3,5.159040418239887,0.0,0,0.0,0.0,0.0
1965,History,2,5.150514997831991,0.0,0,0.0,0.0,0.0
1965,Horror,5,5.460205999132796,0.0,0,0.0,0.0,0.0
1965,Music,5,5.276042248342321,40819.8,408198,20.0,0.2,0.447213595499958
1965,Mystery,4,5.5,0.0,0,0.0,0.0,0.0
1965,Romance,11,5.522165747418523,0.0,0,0.0,0.0,0.0
1965,Science Fiction,1,5.301029995663981,0.0,0,0.0,0.0,0.0
1965,Thriller,2,5.650514997831991,0.0,0,0.0,0.0,0.0
1965,Unknown,10,5.030102999566398,0.0,0,0.0,0.0,0.0
1966,Action,5,5.095424250943933,0.0,0,0.0,0.0,0.0
1966,Adventure,3,5.0,0.0,0,0.0,0.0,0.0
1966,Comedy,6,5.571571544063631,0.0,0,0.0,0.0,0.0
1966,Crime,3,5.159040418239887,0.0,0,0.0,0.0,0.0
1966,Drama,17,5.420240838661431,0.0,0,0.0,0.0,0.0
1966,Family,3,5.4823860104474065,0.0,0,0.0,0.0,0.0
1966,Fantasy,3,5.318080836479775,0.0,0,0.0,0.0,0.0
1966,History,1,5.954242509439325,0.0,0,0.0,0.0,0.0
1966,Horror,7,5.043004285094854,0.0,0,0.0,0.0,0.0
1966,Music,4,5.627636252551653,0.0,0,0.0,0.0,0.0
1966,Mystery,7,5.317901325960838,0.0,0,0.0,0.0,0.0
1966,Romance,17,5.426661101568788,9.0,0,0.0,-0.058823529411764705,0.24253562503633297
1966,Science Fiction,1,5.0,0.0,0,0.0,0.0,0.0
1966,Thriller,3,5.4823860104474065,0.0,0,0.0,0.0,0.0
1966,Unknown,12,5.025085832971999,0.0,0,0.0,0.0,0.0
1966,War,1,5.954242509439325,0.0,0,0.0,0.0,0.0
1967,Action,5,5.155630250076729,0.0,0,0.0,0.0,0.0
1967,Adventure,3,5.259383750127881,0.0,0,0.0,0.0,0.0
1967,Comedy,3,5.4184241683677685,0.0,190000,0.0,0.0,0.0
1967,Crime,4,5.514226212834118,0.0,0,0.0,0.0,0.0
1967,Drama,28,5.274094993971105,0.0,190000,0.0,0.0,0.0
1967,Family,7,5.30833749887075,0.0,0,0.0,0.0,0.0
1967,History,1,5.301029995663981,0.0,0,0.0,0.0,0.0
1967,Horror,2,5.0,0.0,0,0.0,0.0,0.0
1967,Music,3,5.477121254719663,0.0,190000,0.0,0.0,0.0
1967,Mystery,5,5.276042248342321,0.0,0,0.0,0.0,0.0
1967,Romance,15,5.305981750416949,0.0,190000,0.0,0.0,0.0
1967,Science Fiction,1,5.301029995663981,0.0,0,0.0,0.0,0.0
1967,Thriller,5,5.567011220344023,0.0,0,0.0,0.0,0.0
1967,Unknown,11,5.0981073860043296,0.0,0,0.0,0.0,0.0
1968,Action,2,5.238560627359831,0.0,0,0.0,0.0,0.0
1968,Comedy,2,5.520696342579113,0.0,0,0.0,0.0,0.0
1968,Crime,2,5.150514997831991,0.0,0,0.0,0.0,0.0
1968,Documentary,1,5.301029995663981,0.0,0,0.0,0.0,0.0
1968,Drama,13,5.2789018391942895,0.0,0,0.0,0.0,0.0
1968,Family,4,5.225772496747986,0.0,0,0.0,0.0,0.0
1968,Fantasy,1,5.0,0.0,0,0.0,0.0,0.0
1968,Horror,2,5.0,0.0,0,0.0,0.0,0.0
1968,Music,2,5.301029995663981,0.0,0,0.0,0.0,0.0
1968,Mystery,4,5.313818126275827,0.0,0,0.0,0.0,0.0
1968,Romance,5,5.355630250076729,0.0,0,0.0,0.0,0.0
1968,Thriller,3,5.518767500255763,0.0,0,0.0,0.0,0.0
1968,Unknown,7,5.240177319625084,0.0,0,0.0,0.0,0.0
1969,Action,5,5.260205999132796,0.0,0,0.0,0.0,0.0
1969,Adventure,1,5.6020599913279625,0.0,0,0.0,0.0,0.0
1969,Animation,1,5.0,0.0,0,0.0,0.0,0.0
1969,Comedy,4,5.269795311511906,0.0,0,0.0,0.0,0.0
1969,Crime,5,5.415836249209525,0.0,0,0.0,0.0,0.0
1969,Drama,25,5.352165847821999,0.0,0,0.0,0.0,0.0
1969,Family,4,5.25,0.0,0,0.0,0.0,0.0
1969,Horror,4,5.075257498915995,0.0,0,0.0,0.0,0.0
1969,Music,2,5.349485002168009,0.0,0,0.0,0.0,0.0
1969,Mystery,9,5.3174813884923635,0.0,0,0.0,0.0,0.0
1969,Romance,15,5.3976361644052755,0.0,0,0.0,0.0,0.0
1969,Thriller,8,5.384897655755953,0.0,0,0.0,0.0,0.0
1969,Unknown,14,5.121355000309715,0.0,0,0.0,0.0,0.0
1970,Action,7,5.360905611055692,0.0,0,0.0,0.0,0.0
1970,Adventure,2,5.0,0.0,0,0.0,0.0,0.0
1970,Comedy,4,5.405812322599475,0.0,0,0.0,0.0,0.0
1970,Crime,5,5.34963760540124,0.0,0,0.0,0.0,0.0
1970,Documentary,2,5.0,0.0,0,0.0,0.0,0.0
1970,Drama,25,5.378409576170642,0.0,0,0.0,0.0,0.0
1970,Family,5,5.384855857212377,0.0,0,0.0,0.0,0.0
1970,Fantasy,1,5.0,0.0,0,0.0,0.0,0.0
1970,Horror,2,5.0,0.0,0,0.0,0.0,0.0
1970,Music,8,5.606839860103573,0.0,0,0.0,0.0,0.0
1970,Mystery,2,5.5395906230238126,0.0,0,0.0,0.0,0.0
1970,Romance,16,5.4571319605367385,0.0,0,0.0,0.0,0.0
1970,Thriller,5,5.34963760540124,0.0,0,0.0,0.0,0.0
1970,Unknown,19,5.138709670884995,0.0,0,0.0,0.0,0.0
1970,War,1,5.845098040014257,0.0,0,0.0,0.0,0.0
1971,Action,5,5.32464985807958,0.0,0,0.0,0.0,0.0
1971,Adventure,5,5.6742874634808205,0.0,0,0.0,0.0,0.0
1971,Comedy,10,5.454217785807568,0.0,0,0.0,0.0,0.0
1971,Crime,1,5.6020599913279625,0.0,0,0.0,0.0,0.0
1971,Drama,39,5.468893515550398,0.0,0,0.0,0.0,0.0
1971,Family,7,5.530234076890336,0.0,0,0.0,0.0,0.0
1971,Fantasy,1,5.301029995663981,0.0,0,0.0,0.0,0.0
1971,Horror,4,5.0,0.0,0,0.0,0.0,0.0
1971,Music,4,5.43704700675155,0.0,0,0.0,0.0,0.0
1971,Mystery,6,5.307516340002376,0.0,0,0.0,0.0,0.0
1971,Romance,12,5.605846874916133,0.0,0,0.0,0.0,0.0
1971,Thriller,4,5.461274510003564,0.0,0,0.0,0.0,0.0
1971,Unknown,17,5.098896543375035,0.0,0,0.0,0.0,0.0
1972,Action,4,5.301029995663981,0.0,0,0.0,0.0,0.0
1972,Adventure,4,5.464333124107817,0.0,0,0.0,0.0,0.0
1972,Comedy,10,5.471466499286254,0.0,0,0.0,0.0,0.0
1972,Crime,2,5.150514997831991,0.0,0,0.0,0.0,0.0
1972,Documentary,3,5.301029995663981,0.0,0,0.0,0.0,0.0
1972,Drama,26,5.38162482721646,384615.3846153846,0,0.0,-0.038461538461538464,0.19611613513818404
1972,Family,6,5.489418957079816,0.0,0,0.0,0.0,0.0
1972,Fantasy,1,5.0,0.0,0,0.0,0.0,0.0
1972,History,1,5.0,0.0,0,0.0,0.0,0.0
1972,Horror,2,5.0,0.0,0,0.0,0.0,0.0
1972,Music,2,5.72357901567111,0.0,0,0.0,0.0,0.0
1972,Romance,8,5.732599128567597,1250000.0,0,0.0,-0.125,0.3535533905932738
1972,Thriller,2,5.0,0.0,0,0.0,0.0,0.0
1972,Unknown,14,5.071428571428571,0.0,0,0.0,0.0,0.0
1973,Action,14,5.477478697820364,0.0,0,0.0,0.0,0.0
1973,Comedy,4,5.301029995663981,0.0,0,0.0,0.0,0.0
1973,Crime,7,5.249741146715172,185714.2857142857,2454780,0.0,0.1268989010989011,0.3357429339550734
1973,Drama,27,5.543421038311532,48148.148148148146,2454780,0.0,0.0328997150997151,0.1709519343217426
1973,Family,2,5.349485002168009,0.0,0,0.0,0.0,0.0
1973,Fantasy,1,6.380211241711606,0.0,0,0.0,0.0,0.0
1973,Horror,1,5.0,0.0,0,0.0,0.0,0.0
1973,Music,3,5.76700999855466,0.0,0,0.0,0.0,0.0
1973,Mystery,2,5.826606256887672,0.0,0,0.0,0.0,0.0
1973,Romance,18,5.5485015269421,0.0,0,0.0,0.0,0.0
1973,Thriller,6,5.230035206951935,216666.66666666666,2454780,0.0,0.14804871794871796,0.3626438160475844
1973,Unknown,15,5.204096831939146,0.0,0,0.0,0.0,0.0
1973,War,1,5.477121254719663,0.0,0,0.0,0.0,0.0
1974,Action,12,5.366783378398462,0.0,0,0.0,0.0,0.0
1974,Adventure,1,5.0,0.0,0,0.0,0.0,0.0
1974,Comedy,7,5.300052935016795,0.0,0,0.0,0.0,0.0
1974,Crime,7,5.2540216071976635,0.0,0,0.0,0.0,0.0
1974,Documentary,3,5.0,0.0,0,0.0,0.0,0.0
1974,Drama,45,5.27621697918232,0.0,0,0.0,0.0,0.0
1974,Family,8,5.119280313679916,0.0,0,0.0,0.0,0.0
1974,Horror,1,5.0,0.0,0,0.0,0.0,0.0
1974,Music,1,5.0,0.0,0,0.0,0.0,0.0
1974,Mystery,4,5.552378753635658,0.0,0,0.0,0.0,0.0
1974,Romance,20,5.388250626033685,0.0,0,0.0,0.0,0.0
1974,Thriller,7,5.42680946641804,0.0,0,0.0,0.0,0.0
1974,Unknown,13,5.213703942337204,0.0,0,0.0,0.0,0.0
1975,Action,7,5.800696252936091,58285.71428571428,4800000,14.285714285714285,1.5378151260504203,4.068676385922859
1975,Adventure,1,5.698970004336019,0.0,0,0.0,0.0,0.0
1975,Comedy,3,6.0657601860418735,0.0,0,0.0,0.0,0.0
1975,Crime,4,5.741417992805027,0.0,0,0.0,0.0,0.0
1975,Documentary,3,5.0,0.0,0,0.0,0.0,0.0
1975,Drama,18,5.507083055301382,0.0,0,0.0,0.0,0.0
1975,Family,4,5.301029995663981,0.0,0,0.0,0.0,0.0
1975,History,1,5.0,0.0,0,0.0,0.0,0.0
1975,Horror,1,5.0,0.0,0,0.0,0.0,0.0
1975,Romance,9,5.5174081162094275,0.0,0,0.0,0.0,0.0
1975,Thriller,5,5.295424250943933,0.0,0,0.0,0.0,0.0
1975,Unknown,14,5.11116446434052,0.0,0,0.0,0.0,0.0
1975,War,1,5.6020599913279625,0.0,0,0.0,0.0,0.0
1976,Action,10,5.388536122003151,0.0,0,0.0,0.0,0.0
1976,Adventure,1,5.0,0.0,0,0.0,0.0,0.0
1976,Comedy,2,5.5,0.0,0,0.0,0.0,0.0
1976,Crime,7,5.258025710569127,0.0,0,0.0,0.0,0.0
1976,Documentary,1,5.0,0.0,0,0.0,0.0,0.0
1976,Drama,28,5.321200050577273,0.0,0,0.0,0.0,0.0
1976,Family,3,5.318080836479775,0.0,0,0.0,0.0,0.0
1976,Fantasy,2,5.627636252551653,0.0,0,0.0,0.0,0.0
1976,History,1,5.0,0.0,0,0.0,0.0,0.0
1976,Horror,1,5.954242509439325,0.0,0,0.0,0.0,0.0
1976,Music,2,5.477121254719663,0.0,0,0.0,0.0,0.0
1976,Mystery,1,5.0,1111.0,0,0.0,-1.0,0.0
1976,Romance,13,5.4313842417357945,0.0,0,0.0,0.0,0.0
1976,Thriller,5,5.571466499286254,222.2,0,0.0,-0.2,0.4472135954999579
1976,Unknown,11,5.239589431528628,0.0,0,0.0,0.0,0.0
1977,Action,20,5.266135767393985,500000.0,195312,0.0,-0.05,0.22360679774997896
1977,Adventure,4,5.325257498915995,0.0,0,0.0,0.0,0.0
1977,Comedy,6,5.527392142630739,1666666.6666666667,0,0.0,-0.16666666666666666,0.408248290463863
1977,Crime,8,5.405441762729008,1250000.0,195312,0.0,-0.125,0.3535533905932738
1977,Drama,29,5.308292080266695,344827.5862068966,195312,0.0,-0.034482758620689655,0.18569533817705186
1977,Family,4,5.075257498915995,0.0,0,0.0,0.0,0.0
1977,Fantasy,1,6.0,0.0,0,0.0,0.0,0.0
1977,History,2,5.0,0.0,0,0.0,0.0,0.0
1977,Horror,3,5.100343331887994,0.0,0,0.0,0.0,0.0
1977,Music,4,5.898929154985856,2500000.0,0,0.0,-0.25,0.5
1977,Romance,10,5.3003460532109505,0.0,0,0.0,0.0,0.0
1977,Thriller,8,5.337803817055691,0.0,0,0.0,0.0,0.0
1977,Unknown,20,5.168124123737559,0.0,0,0.0,0.0,0.0
1978,Action,17,5.604700479706288,0.0,0,0.0,0.0,0.0
1978,Adventure,2,6.1928031367991565,0.0,0,0.0,0.0,0.0
1978,Comedy,11,5.577286249061586,0.0,0,0.0,0.0,0.0
1978,Crime,7,5.673523570408934,0.0,0,0.0,0.0,0.0
1978,Drama,40,5.387692301396516,0.0,0,0.0,0.0,0.0
1978,Family,11,5.2748785380179815,0.0,0,0.0,0.0,0.0
1978,Fantasy,2,5.451544993495972,0.0,0,0.0,0.0,0.0
1978,Horror,3,5.200686663775987,0.0,0,0.0,0.0,0.0
1978,Music,3,5.680464228386075,0.0,0,0.0,0.0,0.0
1978,Mystery,3,5.401373327551975,0.0,0,0.0,0.0,0.0
1978,Romance,15,5.517957542986687,0.0,0,0.0,0.0,0.0
1978,Thriller,2,6.2552725051033065,0.0,0,0.0,0.0,0.0
1978,Unknown,11,5.173008180635631,0.0,0,0.0,0.0,0.0
1979,Action,13,5.402137223142594,0.0,0,0.0,0.0,0.0
1979,Adventure,2,5.6020599913279625,0.0,0,0.0,0.0,0.0
1979,Comedy,7,5.766068924964453,0.0,0,0.0,0.0,0.0
1979,Crime,4,5.670310309343897,0.0,0,0.0,0.0,0.0
1979,Documentary,2,5.0,0.0,0,0.0,0.0,0.0
1979,Drama,33,5.298349663051764,0.0,0,0.0,0.0,0.0
1979,Family,8,5.345052810427902,0.0,0,0.0,0.0,0.0
1979,Fantasy,1,5.0,0.0,0,0.0,0.0,0.0
1979,History,2,5.0,0.0,0,0.0,0.0,0.0
1979,Horror,5,5.180617997398389,0.0,0,0.0,0.0,0.0
1979,Music,1,5.477121254719663,0.0,0,0.0,0.0,0.0
1979,Mystery,1,5.903089986991944,0.0,0,0.0,0.0,0.0
1979,Romance,16,5.476109686240905,0.0,0,0.0,0.0,0.0
1979,Thriller,3,5.839504646625962,0.0,0,0.0,0.0,0.0
1979,Unknown,9,5.205010893334918,0.0,0,0.0,0.0,0.0
1980,Action,12,5.749363822429277,0.0,16000000,0.0,0.0,0.0
1980,Comedy,2,6.050185272558782,0.0,0,0.0,0.0,0.0
1980,Crime,3,5.831384864672814,0.0,0,0.0,0.0,0.0
1980,Documentary,2,5.301029995663981,0.0,0,0.0,0.0,0.0
1980,Drama,25,5.478634527115336,0.0,16000000,0.0,0.0,0.0
1980,Family,8,5.300175067597693,0.0,0,0.0,0.0,0.0
1980,Horror,1,5.477121254719663,0.0,0,0.0,0.0,0.0
1980,Music,1,5.0,0.0,0,0.0,0.0,0.0
1980,Mystery,1,5.0,0.0,0,0.0,0.0,0.0
1980,Romance,15,5.4640775715772225,0.0,16000000,0.0,0.0,0.0
1980,Thriller,5,5.882726999439711,0.0,0,0.0,0.0,0.0
1980,Unknown,9,5.033447777295998,0.0,0,0.0,0.0,0.0
1981,Action,19,5.426751331011465,29190.526315789473,2812500,0.0,-0.05263157894736842,0.22941573387056172
1981,Adventure,4,5.194537812595911,0.0,0,0.0,0.0,0.0
1981,Comedy,5,5.697144285296316,0.0,0,0.0,0.0,0.0
1981,Crime,8,5.446666980008258,69327.5,0,0.0,-0.125,0.3535533905932738
1981,Documentary,1,5.0,0.0,0,0.0,0.0,0.0
1981,Drama,33,5.460983246158047,16806.666666666668,6452529,0.0,-0.030303030303030304,0.17407765595569782
1981,Family,7,5.2223289286810415,0.0,0,0.0,0.0,0.0
1981,Fantasy,1,5.0,0.0,0,0.0,0.0,0.0
1981,History,1,5.778151250383644,0.0,0,0.0,0.0,0.0
1981,Horror,7,5.1290128552845635,0.0,0,0.0,0.0,0.0
1981,Mystery,5,5.355630250076729,0.0,0,0.0,0.0,0.0
1981,Romance,19,5.519894388003401,0.0,420029,0.0,0.0,0.0
1981,TV Movie,1,6.0,0.0,0,0.0,0.0,0.0
1981,Thriller,12,5.432648853965183,0.0,2812500,0.0,0.0,0.0
1981,Unknown,14,5.132666606887947,0.0,0,0.0,0.0,0.0
1982,Action,19,5.451931824254517,0.0,0,0.0,0.0,0.0
1982,Adventure,2,5.650514997831991,0.0,0,0.0,0.0,0.0
1982,Comedy,10,5.6411700497421355,0.0,0,0.0,0.0,0.0
1982,Crime,7,5.293843550190924,0.0,0,0.0,0.0,0.0
1982,Documentary,2,5.0,0.0,0,0.0,0.0,0.0
1982,Drama,39,5.418482067786521,0.0,106000000,0.0,0.0,0.0
1982,Family,10,5.486763245307108,0.0,0,0.0,0.0,0.0
1982,History,1,5.0,0.0,0,0.0,0.0,0.0
1982,Horror,1,5.0,0.0,0,0.0,0.0,0.0
1982,Music,3,5.868435015380371,0.0,106000000,0.0,0.0,0.0
1982,Mystery,2,5.72357901567111,0.0,0,0.0,0.0,0.0
1982,Romance,16,5.4008923700193225,0.0,0,0.0,0.0,0.0
1982,Science Fiction,1,5.0,0.0,0,0.0,0.0,0.0
1982,TV Movie,1,5.0,0.0,0,0.0,0.0,0.0
1982,Thriller,4,5.269795311511906,0.0,0,0.0,0.0,0.0
1982,Unknown,18,5.076678402317311,0.0,0,0.0,0.0,0.0
1983,Action,11,5.600105065275911,0.0,0,0.0,0.0,0.0
1983,Adventure,1,5.301029995663981,0.0,0,0.0,0.0,0.0
1983,Comedy,10,5.647642582705801,1400.0,0,0.0,-0.1,0.31622776601683794
1983,Crime,3,6.255718622027394,4666.666666666667,0,0.0,-0.3333333333333333,0.5773502691896258
1983,Documentary,1,5.698970004336019,0.0,0,0.0,0.0,0.0
1983,Drama,28,5.56923983322873,0.0,0,0.0,0.0,0.0
1983,Family,4,5.627636252551653,0.0,0,0.0,0.0,0.0
1983,Horror,1,5.0,0.0,0,0.0,0.0,0.0
1983,Music,4,5.25,0.0,0,0.0,0.0,0.0
1983,Romance,11,5.67202472232573,0.0,0,0.0,0.0,0.0
1983,Thriller,4,5.313818126275827,0.0,0,0.0,0.0,0.0
1983,Unknown,6,5.280206872895931,0.0,0,0.0,0.0,0.0
1984,Action,22,5.432366865569951,0.0,0,0.0,0.0,0.0
1984,Adventure,2,5.627636252551653,0.0,0,0.0,0.0,0.0
1984,Comedy,4,5.194537812595911,0.0,0,0.0,0.0,0.0
1984,Crime,4,5.269795311511906,0.0,0,0.0,0.0,0.0
1984,Drama,43,5.37646088300863,0.0,0,0.0,0.0,0.0
1984,Family,9,5.259383750127881,0.0,0,0.0,0.0,0.0
1984,Horror,2,5.0,0.0,0,0.0,0.0,0.0
1984,Mystery,1,5.0,0.0,0,0.0,0.0,0.0
1984,Romance,17,5.508173192877907,0.0,0,0.0,0.0,0.0
1984,Thriller,9,5.361696945011478,0.0,0,0.0,0.0,0.0
1984,Unknown,11,5.223581135250839,0.0,0,0.0,0.0,0.0
1984,Western,1,5.0,0.0,0,0.0,0.0,0.0
1985,Action,10,5.40668475109739,0.0,0,0.0,0.0,0.0
1985,Comedy,5,5.180617997398389,0.0,0,0.0,0.0,0.0
1985,Crime,8,5.523118352881487,0.0,0,0.0,0.0,0.0
1985,Documentary,3,5.842113092463282,0.0,0,0.0,0.0,0.0
1985,Drama,32,5.331951705752486,0.09375,0,0.0,-0.03125,0.1767766952966369
1985,Family,5,5.330642502755069,0.6,0,0.0,-0.2,0.447213595499958
1985,History,1,6.2552725051033065,0.0,0,0.0,0.0,0.0
1985,Horror,3,5.159040418239887,0.0,0,0.0,0.0,0.0
1985,Music,4,5.397766151756625,0.0,0,0.0,0.0,0.0
1985,Romance,14,5.280394168441245,0.0,0,0.0,0.0,0.0
1985,Thriller,6,5.220369882455653,0.0,0,0.0,0.0,0.0
1985,Unknown,22,5.19388965735196,0.0,0,0.0,0.0,0.0
1986,Action,25,5.473587414766382,0.0,0,0.0,0.0,0.0
1986,Adventure,5,5.650667601065221,0.0,0,0.0,0.0,0.0
1986,Animation,1,5.0,0.0,0,0.0,0.0,0.0
1986,Comedy,8,5.403163660215733,0.0,0,0.0,0.0,0.0
1986,Crime,8,5.482166562053909,0.0,0,0.0,0.0,0.0
1986,Documentary,4,5.225772496747986,0.0,0,0.0,0.0,0.0
1986,Drama,44,5.3740767011088915,0.0,0,0.0,0.0,0.0
1986,Family,6,5.389075625191822,0.0,0,0.0,0.0,0.0
1986,Fantasy,2,5.66110964736696,0.0,0,0.0,0.0,0.0
1986,History,1,5.0,0.0,0,0.0,0.0,0.0
1986,Horror,4,5.4810698215154705,0.0,0,0.0,0.0,0.0
1986,Music,2,5.301029995663981,0.0,0,0.0,0.0,0.0
1986,Mystery,3,5.599780183151194,0.0,0,0.0,0.0,0.0
1986,Romance,18,5.462232528683334,0.0,0,0.0,0.0,0.0
1986,Thriller,6,5.4210565462316405,0.0,0,0.0,0.0,0.0
1986,Unknown,20,5.172969624387962,0.0,0,0.0,0.0,0.0
1987,Action,16,5.450274322612362,0.0,0,0.0,0.0,0.0
1987,Comedy,3,5.477121254719663,0.0,0,0.0,0.0,0.0
1987,Crime,2,5.349485002168009,0.0,0,0.0,0.0,0.0
1987,Documentary,1,5.0,0.0,0,0.0,0.0,0.0
1987,Drama,32,5.365437508286524,0.0,0,0.0,0.0,0.0
1987,Family,4,5.313818126275827,0.0,0,0.0,0.0,0.0
1987,Horror,6,5.150514997831991,0.0,0,0.0,0.0,0.0
1987,Music,2,5.765739458521128,0.0,0,0.0,0.0,0.0
1987,Mystery,1,5.0,0.0,0,0.0,0.0,0.0
1987,Romance,8,5.259897655755953,0.0,0,0.0,0.0,0.0
1987,Science Fiction,1,7.037426497940624,0.0,0,0.0,0.0,0.0
1987,Thriller,5,5.527096749362983,0.0,0,0.0,0.0,0.0
1987,Unknown,16,5.302475233091927,0.0,0,0.0,0.0,0.0
1988,Action,30,5.4867289533271455,0.0,0,0.0,0.0,0.0
1988,Adventure,3,5.99409041101319,0.0,346297,0.0,0.0,0.0
1988,Comedy,7,5.7176662740282564,0.0,0,0.0,0.0,0.0
1988,Crime,8,5.687663908960989,56250.0,7434176,12.5,1.940048888888889,5.487286900667041
1988,Documentary,2,5.0,0.0,0,0.0,0.0,0.0
1988,Drama,46,5.5499435110439865,9782.608695652174,7434176,2.1739130434782608,0.337399806763285,2.2883568257112996
1988,Family,5,5.527096749362983,0.0,0,0.0,0.0,0.0
1988,Fantasy,1,6.041392685158225,0.0,0,0.0,0.0,0.0
1988,History,2,5.389075625191822,0.0,0,0.0,0.0,0.0
1988,Horror,5,5.401720034352384,0.0,0,0.0,0.0,0.0
1988,Music,1,5.0,0.0,0,0.0,0.0,0.0
1988,Mystery,3,5.259383750127881,0.0,0,0.0,0.0,0.0
1988,Romance,13,5.667192118427104,0.0,0,0.0,0.0,0.0
1988,Thriller,3,5.159040418239887,0.0,0,0.0,0.0,0.0
1988,Unknown,16,5.112886248373993,0.0,0,0.0,0.0,0.0
1988,Western,1,5.0,0.0,0,0.0,0.0,0.0
1989,Action,34,5.536049047018477,0.0,0,0.0,0.0,0.0
1989,Comedy,7,5.743131605572855,0.0,0,0.0,0.0,0.0
1989,Crime,13,5.521181756401242,0.0,0,0.0,0.0,0.0
1989,Documentary,1,5.0,0.0,0,0.0,0.0,0.0
1989,Drama,45,5.527945596226564,0.0,0,0.0,0.0,0.0
1989,Family,5,5.276042248342321,0.0,0,0.0,0.0,0.0
1989,Fantasy,2,5.6020599913279625,0.0,0,0.0,0.0,0.0
1989,Horror,11,5.2783138617351995,0.0,0,0.0,0.0,0.0
1989,Music,1,5.698970004336019,0.0,0,0.0,0.0,0.0
1989,Mystery,2,5.150514997831991,0.0,0,0.0,0.0,0.0
1989,Romance,7,5.9399511230848185,0.0,0,0.0,0.0,0.0
1989,TV Movie,1,5.6020599913279625,0.0,0,0.0,0.0,0.0
1989,Thriller,3,5.4600704139038685,0.0,0,0.0,0.0,0.0
1989,Unknown,30,5.369092755407042,0.0,0,0.0,0.0,0.0
1990,Action,21,5.408826735754848,0.0,0,0.0,0.0,0.0
1990,Comedy,3,5.76110040956785,0.0,0,0.0,0.0,0.0
1990,Crime,11,5.248399432711179,0.0,0,0.0,0.0,0.0
1990,Documentary,4,5.301029995663981,2659.5,0,0.0,-0.25,0.5
1990,Drama,25,5.50520858672478,0.0,0,0.0,0.0,0.0
1990,Family,3,5.359727082015875,0.0,0,0.0,0.0,0.0
1990,Fantasy,1,5.954242509439325,0.0,0,0.0,0.0,0.0
1990,Horror,7,5.043004285094854,0.0,0,0.0,0.0,0.0
1990,Mystery,2,5.0,0.0,0,0.0,0.0,0.0
1990,Romance,9,5.357498216023767,0.0,0,0.0,0.0,0.0
1990,Thriller,2,5.150514997831991,0.0,0,0.0,0.0,0.0
1990,Unknown,19,5.218861183794487,0.0,0,0.0,0.0,0.0
1991,Action,31,5.588452699425703,0.0,0,0.0,0.0,0.0
1991,Adventure,4,5.376287494579977,0.0,0,0.0,0.0,0.0
1991,Animation,1,5.0,0.0,0,0.0,0.0,0.0
1991,Comedy,2,5.8580016718174,0.0,0,0.0,0.0,0.0
1991,Crime,4,5.400514997831991,0.0,0,0.0,0.0,0.0
1991,Documentary,1,5.0,0.0,0,0.0,0.0,0.0
1991,Drama,38,5.508233040798458,0.0,0,0.0,0.0,0.0
1991,Family,4,5.619280313679916,0.0,0,0.0,0.0,0.0
1991,Fantasy,2,5.752574989159953,0.0,0,0.0,0.0,0.0
1991,Horror,8,5.172526405213951,12500.0,500000,12.5,0.5,1.4142135623730951
1991,Music,4,5.410863169121547,0.0,0,0.0,0.0,0.0
1991,Romance,18,5.877171314304546,0.0,0,0.0,0.0,0.0
1991,TV Movie,1,5.0,0.0,0,0.0,0.0,0.0
1991,Thriller,6,5.651378416582621,0.0,0,0.0,0.0,0.0
1991,Unknown,23,5.270661304481267,0.0,0,0.0,0.0,0.0
1992,Action,23,5.558032594137625,0.0,14000000,0.0,0.0,0.0
1992,Adventure,2,5.671211340411103,0.0,0,0.0,0.0,0.0
1992,Comedy,8,5.881074222503092,0.0,12000000,0.0,0.0,0.0
1992,Crime,7,5.598538708049554,0.0,12000000,0.0,0.0,0.0
1992,Documentary,2,5.5569716761534185,0.0,0,0.0,0.0,0.0
1992,Drama,26,5.5571440606984055,0.0,12000000,0.0,0.0,0.0
1992,Family,3,5.685634950445491,0.0,0,0.0,0.0,0.0
1992,Fantasy,1,5.903089986991944,0.0,0,0.0,0.0,0.0
1992,Horror,6,5.4600704139038685,0.0,0,0.0,0.0,0.0
1992,Music,2,5.301029995663981,0.0,0,0.0,0.0,0.0
1992,Romance,19,5.775891163742445,57894.73684210526,23000000,5.263157894736842,0.47368421052631576,2.064741604835056
1992,Thriller,5,5.85730925670334,0.0,0,0.0,0.0,0.0
1992,Unknown,25,5.347800069044996,0.0,0,0.0,0.0,0.0
1993,Action,27,5.5987959820646,0.0,0,0.0,0.0,0.0
1993,Adventure,1,5.301029995663981,0.0,0,0.0,0.0,0.0
1993,Comedy,10,5.814413666674408,0.0,0,0.0,0.0,0.0
1993,Crime,12,5.811069391376172,0.0,0,0.0,0.0,0.0
1993,Documentary,3,5.0,0.0,0,0.0,0.0,0.0
1993,Drama,37,5.637569766367451,0.0,1400000,0.0,0.0,0.0
1993,Family,5,5.875366469858162,0.0,0,0.0,0.0,0.0
1993,History,1,5.477121254719663,0.0,0,0.0,0.0,0.0
1993,Horror,2,5.150514997831991,0.0,0,0.0,0.0,0.0
1993,Music,2,5.991135616519784,0.0,0,0.0,0.0,0.0
1993,Mystery,1,6.3979400086720375,0.0,1400000,0.0,0.0,0.0
1993,Romance,21,5.559060897721172,0.0,1400000,0.0,0.0,0.0
1993,Thriller,7,6.099191219890807,0.0,0,0.0,0.0,0.0
1993,Unknown,18,5.207355208879054,0.0,0,0.0,0.0,0.0
1994,Action,34,5.7465234669730645,0.7352941176470589,747545,0.0,-0.029411764705882353,0.17149858514250885
1994,Adventure,1,5.301029995663981,0.0,0,0.0,0.0,0.0
1994,Comedy,17,5.830282713247841,0.0,0,0.0,0.0,0.0
1994,Crime,9,5.901311111877594,0.0,747545,0.0,0.0,0.0
1994,Documentary,3,5.159040418239887,0.0,0,0.0,0.0,0.0
1994,Drama,49,5.646816768004685,0.5102040816326531,82401156,0.0,-0.02040816326530612,0.14285714285714285
1994,Family,5,6.146902360811393,0.0,81653611,0.0,0.0,0.0
1994,Fantasy,2,5.150514997831991,0.0,0,0.0,0.0,0.0
1994,History,1,6.778151250383644,0.0,399,0.0,0.0,0.0
1994,Horror,1,6.0,0.0,0,0.0,0.0,0.0
1994,Music,2,6.278151250383644,0.0,81653611,0.0,0.0,0.0
1994,Mystery,3,5.7068579770686165,0.0,0,0.0,0.0,0.0
1994,Romance,24,5.786362344671713,1.0416666666666667,81653611,0.0,-0.041666666666666664,0.2041241452319315
1994,Thriller,8,5.656033450441831,0.0,0,0.0,0.0,0.0
1994,Unknown,16,5.420990893245779,0.0,0,0.0,0.0,0.0
1995,Action,35,5.715605108236678,262000.57142857142,28322436,5.714285714285714,0.2968790509966981,1.4386388766046703
1995,Comedy,10,6.135330103858995,1320000.0,100082436,10.0,0.6575757575757576,2.079437128050116
1995,Crime,9,5.807520875540638,57777.77777777778,2100000,11.11111111111111,0.3376068376068376,1.0128205128205128
1995,Drama,26,5.860325105955608,909231.5384615385,124250000,7.6923076923076925,0.3518552525905467,1.526002776689632
1995,Family,2,5.389075625191822,0.0,0,0.0,0.0,0.0
1995,Fantasy,1,6.0,0.0,0,0.0,0.0,0.0
1995,Music,1,5.698970004336019,0.0,0,0.0,0.0,0.0
1995,Mystery,1,5.6020599913279625,0.0,0,0.0,0.0,0.0
1995,Romance,15,6.034497591806454,1122666.6666666667,114732436,13.333333333333334,0.6490981240981242,1.9629877220369656
1995,Thriller,7,5.6434375546683855,264285.71428571426,16540000,14.285714285714285,1.1343629343629344,3.0012422208138094
1995,Unknown,8,5.367064217809862,0.0,0,0.0,0.0,0.0
1996,Action,27,5.6513711890698834,0.1111111111111111,1600000,0.0,-0.037037037037037035,0.19245008972987526
1996,Comedy,7,5.618688495213691,0.0,0,0.0,0.0,0.0
1996,Crime,8,5.533302483234888,0.0,0,0.0,0.0,0.0
1996,Documentary,1,5.0,0.0,0,0.0,0.0,0.0
1996,Drama,26,5.628186026747105,115384.76923076923,8700000,3.8461538461538463,0.014102564102564105,0.3383848009356707
1996,Family,1,5.477121254719663,0.0,0,0.0,0.0,0.0
1996,Horror,4,5.345052810427902,0.0,0,0.0,0.0,0.0
1996,Music,3,5.71945416403175,0.0,0,0.0,0.0,0.0
1996,Romance,22,5.755755905673964,1045454.7272727273,46100000,4.545454545454546,0.059848484848484845,0.4192667790734582
1996,Thriller,14,5.598501776243834,0.5,0,0.0,-0.14285714285714285,0.36313651960128146
1996,Unknown,16,5.332295311511906,2135.375,0,0.0,-0.0625,0.25
1997,Action,28,5.7917366546571705,203571.42857142858,65000000,7.142857142857142,2.0163265306122446,9.806436341280223
1997,Adventure,1,6.079181246047625,0.0,0,0.0,0.0,0.0
1997,Comedy,12,6.150477694861383,750000.0,51000000,25.0,1.292165242165242,2.4984078855281644
1997,Crime,6,5.864999223327387,0.0,0,0.0,0.0,0.0
1997,Documentary,4,5.0,0.0,0,0.0,0.0,0.0
1997,Drama,37,5.818885042143053,262162.1621621622,88000000,10.81081081081081,1.8206250206250207,8.588136240086195
1997,Family,5,5.806813335719513,0.0,0,0.0,0.0,0.0
1997,History,1,6.892094602690481,700000.0,37000000,100.0,51.857142857142854,0.0
1997,Horror,2,5.0,15670.0,39175,0.0,0.125,0.1767766952966369
1997,Music,2,5.5395906230238126,0.0,0,0.0,0.0,0.0
1997,Mystery,1,5.698970004336019,0.0,0,0.0,0.0,0.0
1997,Romance,24,6.007877582104886,375000.0,51000000,12.5,0.646082621082621,1.8495664317502867
1997,Thriller,7,5.6131794387652105,0.0,0,0.0,0.0,0.0
1997,Unknown,12,5.354894419767734,16.666666666666668,0,0.0,-0.08333333333333333,0.28867513459481287
1997,War,1,6.892094602690481,700000.0,37000000,100.0,51.857142857142854,0.0
1998,Action,23,5.830085741968021,466086.95652173914,20030098,4.3478260869565215,0.10152719339255104,0.2925125321122551
1998,Adventure,2,6.115224460689137,0.0,0,0.0,0.0,0.0
1998,Comedy,16,6.149781749674446,432500.0,35690000,12.5,0.6773702938475668,2.402974172310401
1998,Crime,7,5.867830920092168,44285.71428571428,2300098,14.285714285714285,0.9170506912442395,2.426288068672136
1998,Documentary,1,5.0,0.0,0,0.0,0.0,0.0
1998,Drama,31,5.862675864670407,456451.6129032258,51549219,9.67741935483871,0.6015471143179024,2.0439167809833685
1998,Family,3,5.829516905500149,0.0,1700000,0.0,0.0,0.0
1998,History,1,6.6020599913279625,0.0,528972,0.0,0.0,0.0
1998,Horror,4,5.0,0.0,0,0.0,0.0,0.0
1998,Music,2,5.238560627359831,0.0,0,0.0,0.0,0.0
1998,Romance,15,6.22148347674705,508000.0,39218972,13.333333333333334,0.741046831955923,2.4853065068789024
1998,TV Movie,1,5.0,0.0,0,0.0,0.0,0.0
1998,Thriller,4,5.917978253110396,5000.0,30000,0.0,0.125,0.25
1998,Unknown,21,5.273135918663451,23061.904761904763,0,0.0,-0.047619047619047616,0.21821789023599233
1998,Western,1,6.230448921378274,0.0,0,0.0,0.0,0.0
1999,Action,21,5.9732067761599135,895714.2857142857,12800000,4.761904761904762,0.22121422045520717,1.4473861838848792
1999,Comedy,11,6.017743702337842,1309090.9090909092,3600000,0.0,-0.13063973063973064,0.2960605122455309
1999,Crime,6,5.941480466909766,51666.666666666664,2300000,16.666666666666664,1.0698924731182795,2.6206906387841524
1999,Documentary,4,5.075257498915995,0.0,0,0.0,0.0,0.0
1999,Drama,29,5.970925670115228,513793.1034482759,30280000,0.0,-0.052482908872361206,0.21349719501085757
1999,Family,7,5.862104901503272,0.0,18980000,0.0,0.0,0.0
1999,Fantasy,1,5.0,31600.0,21725,0.0,-0.3125,0.0
1999,Horror,15,5.071945416403175,12085.333333333334,156920,0.0,-0.07383120476798637,0.21050545267060478
1999,Music,2,5.6020599913279625,0.0,0,0.0,0.0,0.0
1999,Romance,15,6.285610999999441,360000.0,21180000,0.0,-0.03950617283950617,0.15300674947979917
1999,Thriller,5,5.804929966235889,1160000.0,1400000,0.0,-0.15172413793103448,0.3392654862413474
1999,Unknown,12,5.309105830081319,0.0,0,0.0,0.0,0.0
2000,Action,18,5.742403581933387,516666.6666666667,10402226,5.555555555555555,0.13043478260869568,0.8367198323443271
2000,Adventure,1,6.544068044350276,0.0,0,0.0,0.0,0.0
2000,Comedy,16,6.240695423181556,104125.0,17745797,6.25,0.11588385354141657,0.46353541416566624
2000,Crime,14,5.871631092614215,619000.0,5343571,7.142857142857142,0.061010118333047515,0.5808303074992398
2000,Documentary,2,5.0,0.0,0,0.0,0.0,0.0
2000,Drama,28,5.906811709558826,425000.0,48015814,7.142857142857142,0.17134657298136644,0.7864014359680512
2000,Family,6,5.952632416333917,0.0,402226,0.0,0.0,0.0
2000,Fantasy,1,5.845098040014257,0.0,0,0.0,0.0,0.0
2000,Horror,7,5.043004285094854,0.0,0,0.0,0.0,0.0
2000,Music,2,5.778151250383644,0.0,0,0.0,0.0,0.0
2000,Mystery,1,5.778151250383644,0.0,0,0.0,0.0,0.0
2000,Romance,26,6.136011792658241,815384.6153846154,46604385,11.538461538461538,0.27482808193979935,1.0538264034203277
2000,Thriller,9,5.896464345936181,255555.55555555556,10000000,11.11111111111111,0.37198067632850246,1.1159420289855073
2000,Unknown,24,5.237520668194514,0.0,0,0.0,0.0,0.0
2001,Action,13,5.829564874262071,1307692.5384615385,19000000,0.0,-0.06787330316742081,0.2819504421248368
2001,Adventure,2,7.495874343565502,11100000.0,27100000,0.0,0.3376696832579186,0.3111589795040351
2001,Comedy,6,6.771737584270297,1450000.0,42123664,16.666666666666664,4.194606288888889,10.026146370619596
2001,Crime,8,5.577906161299738,0.0,0,0.0,0.0,0.0
2001,Documentary,1,5.0,0.0,0,0.0,0.0,0.0
2001,Drama,29,6.088810027894368,1065517.2413793104,69223664,3.4482758620689653,0.8911371413741094,4.5727516393356495
2001,Family,3,5.577464586607657,0.0,0,0.0,0.0,0.0
2001,History,4,7.017732483294657,5550000.0,27100000,0.0,0.1688348416289593,0.26510420939540963
2001,Horror,7,5.0,12340.0,71076,0.0,-0.07571398182757465,0.09746280262261038
2001,Music,3,5.660757077679857,0.0,0,0.0,0.0,0.0
2001,Mystery,2,5.573064017839119,0.0,0,0.0,0.0,0.0
2001,Romance,11,6.455785807700704,1654545.4545454546,49787356,9.090909090909092,2.252161550802139,7.4306395367244376
2001,Thriller,12,5.612633589368261,0.0,0,0.0,0.0,0.0
2001,Unknown,10,5.155630250076729,0.0,0,0.0,0.0,0.0
2001,War,1,7.198657086954423,17000000.0,19000000,0.0,0.1176470588235294,0.0
2002,Action,30,5.766375457900247,103333.33333333333,22257305,6.666666666666667,0.3375,1.3939331293019468
2002,Adventure,1,5.698970004336019,0.0,0,0.0,0.0,0.0
2002,Animation,1,5.6020599913279625,0.0,0,0.0,0.0,0.0
2002,Comedy,16,6.010163812710312,300000.0,14000000,6.25,0.11979166666666667,0.47916666666666674
2002,Crime,11,5.948907480146502,20409090.90909091,12992178,18.181818181818183,0.27313726363636365,1.0084818752235285
2002,Documentary,4,5.150514997831991,0.0,0,0.0,0.0,0.0
2002,Drama,44,5.910191348807175,5551444.431818182,67015649,11.363636363636363,0.37072672113978095,1.2655333680463823
2002,Family,3,5.855282606224506,0.0,0,0.0,0.0,0.0
2002,Fantasy,4,6.059197274852323,0.0,25049,0.0,0.0,0.0
2002,History,4,5.632869729260564,750000.0,6000000,25.0,0.25,0.5
2002,Horror,6,5.745386257719474,0.0,0,0.0,0.0,0.0
2002,Music,7,5.617459899247703,0.0,0,0.0,0.0,0.0
2002,Mystery,3,6.215696476238851,73333333.33333333,992178,0.0,-0.33183003333333333,0.5747464772106076
2002,Romance,30,6.0142090444678304,7992118.5,56060600,10.0,0.41039919100501204,1.4367368767920676
2002,TV Movie,1,5.0,0.0,0,0.0,0.0,0.0
2002,Thriller,14,6.033298971856281,15714285.714285715,992178,0.0,-0.07110643571428572,0.2660559204375236
2002,Unknown,11,5.383119445220401,0.0,0,0.0,0.0,0.0
2003,Action,15,6.15202327239786,288590.73333333334,21161618,6.666666666666667,0.0860915180366655,0.44780791833045336
2003,Adventure,4,6.283659007747216,937500.0,10000000,25.0,0.4166666666666667,0.8333333333333334
2003,Comedy,24,5.958952935717774,209166.66666666666,33341946,8.333333333333332,0.26324189095928224,0.8947944845075113
2003,Crime,12,6.020122513584323,59071.75,11161618,0.0,-0.11460782467639036,0.29897188477389247
2003,Drama,49,5.935532737955658,126099.20408163265,47453564,2.0408163265306123,0.031382644533554806,0.44671041062654554
2003,Family,3,5.704647784102279,140000.0,1850000,33.33333333333333,1.1349206349206349,1.9657402022408685
2003,Fantasy,3,5.742628901537891,0.0,0,0.0,0.0,0.0
2003,History,1,6.361727836017593,0.0,0,0.0,0.0,0.0
2003,Horror,11,5.6510748203822505,335113.63636363635,10350000,9.090909090909092,0.2105465299381649,0.7810644749539399
2003,Music,4,5.5708253071758875,0.0,0,0.0,0.0,0.0
2003,Mystery,8,5.495708996402513,0.0,0,0.0,0.0,0.0
2003,Romance,34,5.977848121359029,177058.82352941178,42764520,5.88235294117647,0.15640604067714042,0.7832815401827676
2003,Science Fiction,1,7.392696953259666,3750000.0,10000000,100.0,1.6666666666666667,0.0
2003,Thriller,14,5.922436033433824,115569.07142857143,6231471,7.142857142857142,0.6204200262447588,2.6916184795128317
2003,Unknown,11,5.239589431528628,0.0,0,0.0,0.0,0.0
2003,War,2,5.831378915840787,0.0,0,0.0,0.0,0.0
2004,Action,27,6.027856197617386,438117.74074074073,27016108,7.4074074074074066,0.3318323768219423,1.366102446351586
2004,Adventure,1,5.845098040014257,0.0,0,0.0,0.0,0.0
2004,Animation,1,5.845098040014257,0.0,0,0.0,0.0,0.0
2004,Comedy,14,5.7642986629082325,7142.857142857143,41461138,7.142857142857142,0.2857142857142857,1.0690449676496976
2004,Crime,14,6.068088548542728,663238.5714285715,62587613,14.285714285714285,0.5719765402767212,1.9121586758296676
2004,Documentary,1,5.778151250383644,0.0,0,0.0,0.0,0.0
2004,Drama,46,5.987269989841336,662724.7826086957,81661635,8.695652173913043,0.26999208094997706,1.1705109291217872
2004,Family,5,6.045061856345173,20000.0,2378702,20.0,0.8,1.788854381999832
2004,Fantasy,5,5.7052678554779686,0.0,0,0.0,0.0,0.0
2004,History,1,5.0,0.0,0,0.0,0.0,0.0
2004,Horror,5,5.757859722231888,0.0,0,0.0,0.0,0.0
2004,Music,7,5.521319638907087,285714.28571428574,490000,0.0,-0.10785714285714286,0.28536317712196657
2004,Mystery,6,6.11263155605532,800000.0,50000000,16.666666666666664,0.2152777777777778,0.5273207085158231
2004,Romance,34,6.010249077029705,644117.6470588235,57186458,11.76470588235294,0.27646026143790847,0.9303934405832426
2004,TV Movie,1,5.0,100000.0,500000,100.0,4.0,0.0
2004,Thriller,19,5.880099288680367,263168.4210526316,21250000,10.526315789473683,0.4022556390977443,1.6603981652219575
2004,Unknown,9,5.4822054203375155,0.0,0,0.0,0.0,0.0
2004,War,2,6.647453455302596,2250000.0,4600000,0.0,0.0111111111111111,0.015713484026367706
2005,Action,16,6.153119516741811,118809.375,6113709,6.25,0.06907894736842105,0.597538425457669
2005,Adventure,2,5.520696342579113,0.0,0,0.0,0.0,0.0
2005,Animation,3,5.5604137457918625,0.0,0,0.0,0.0,0.0
2005,Comedy,28,6.032417123498611,430151.4285714286,31567576,7.142857142857142,0.21770833816547316,0.8132199351826411
2005,Crime,12,6.277421813275957,158333.33333333334,9270142,8.333333333333332,0.17543859649122806,0.6077371254627639
2005,Drama,61,6.077918149658143,1545042.0819672132,46376903,6.557377049180328,0.09142358868034796,0.6133025696470082
2005,Family,6,6.212282227981454,453514.6666666667,4308390,0.0,0.09722226305556209,0.23814493612476728
2005,Fantasy,3,6.596074984351792,2540362.6666666665,15308390,33.33333333333333,0.609410512505682,0.6228585209072676
2005,History,3,5.928917140715188,23333333.333333332,7250000,0.0,-0.2988095238095238,0.5175532770235574
2005,Horror,2,6.431065689656519,250000.0,0,0.0,-0.5,0.7071067811865476
2005,Music,1,5.6020599913279625,0.0,0,0.0,0.0,0.0
2005,Mystery,7,5.706999922003851,71428.57142857143,0,0.0,-0.14285714285714285,0.37796447300922725
2005,Romance,31,6.181997373509705,741069.4193548387,41359186,9.67741935483871,0.19346444675753388,0.8223896741172705
2005,TV Movie,1,5.903089986991944,0.0,0,0.0,0.0,0.0
2005,Thriller,25,5.9961938787236875,100038.0,3313709,0.0,-0.0304,0.20761502835777568
2005,Unknown,3,5.333333333333333,0.0,0,0.0,0.0,0.0
2005,War,1,5.778151250383644,0.0,0,0.0,0.0,0.0
2006,Action,18,6.1561248417109224,1500000.0,99572335,22.22222222222222,0.5334439213836478,1.2177893869938419
2006,Adventure,2,5.778151250383644,0.0,0,0.0,0.0,0.0
2006,Animation,1,5.477121254719663,0.0,0,0.0,0.0,0.0
2006,Comedy,27,6.253279546413539,659292.074074074,87686721,25.925925925925924,1.3525788039937205,3.4213651621846033
2006,Crime,12,5.982085494793878,1002969.6666666666,51532265,16.666666666666664,0.6151552857869997,1.724153888545147
2006,Documentary,1,5.0,0.0,0,0.0,0.0,0.0
2006,Drama,56,5.924836053137304,467781.25,135714910,8.928571428571429,0.4857856634028969,2.3494844436820266
2006,Family,3,6.3763913676559225,600000.0,4900000,33.33333333333333,0.5740740740740741,0.9943254636043556
2006,Fantasy,2,5.778151250383644,0.0,0,0.0,0.0,0.0
2006,History,1,7.687528961214635,2200000.0,11502151,100.0,4.228250454545455,0.0
2006,Horror,6,5.40785967189037,32625.0,12528,0.0,-0.156,0.3821203998741758
2006,Music,2,5.238560627359831,0.0,0,0.0,0.0,0.0
2006,Mystery,1,5.778151250383644,0.0,0,0.0,0.0,0.0
2006,Romance,36,6.042219535795332,455861.1111111111,89376955,11.11111111111111,0.6955981289186082,2.8506793763626708
2006,Science Fiction,3,6.168020960892897,1666666.6666666667,16000000,33.33333333333333,0.7333333333333334,1.2701705922171767
2006,TV Movie,1,5.477121254719663,0.0,0,0.0,0.0,0.0
2006,Thriller,21,6.19823927290225,1362226.1904761905,98655863,19.047619047619047,0.4088277654958726,1.0750000680960634
2006,Unknown,3,5.5604137457918625,0.0,0,0.0,0.0,0.0
2007,Action,13,6.24044769216305,1307692.3076923077,12740000,0.0,-0.06993006993006992,0.28057852019895124
2007,Adventure,3,6.435475009183563,0.0,740000,0.0,0.0,0.0
2007,Animation,2,5.977121254719663,0.0,740000,0.0,0.0,0.0
2007,Comedy,28,6.414742146614669,1500000.0,154158227,21.428571428571427,0.4741064615754252,1.0054368436514507
2007,Crime,11,6.361776487202554,1909090.9090909092,53000000,0.0,-0.07128099173553719,0.3111267724255016
2007,Documentary,2,5.520696342579113,0.0,0,0.0,0.0,0.0
2007,Drama,60,6.219591949936519,1075786.6666666667,211293372,13.333333333333334,0.5070336337063635,1.7255880939253903
2007,Family,10,6.23617479216729,1850000.0,87322548,20.0,0.3320424666666667,0.7022808995594495
2007,Fantasy,2,6.121519024343147,0.0,90000,0.0,0.0,0.0
2007,History,3,6.318850863972467,3666666.6666666665,12000000,0.0,0.0303030303030303,0.05248638810814779
2007,Horror,6,5.784906595688735,633333.3333333334,9900000,16.666666666666664,0.2675438596491228,0.6553459399551487
2007,Music,1,6.954242509439325,12500000.0,34750000,100.0,1.78,0.0
2007,Mystery,1,6.724275869600789,4000000.0,4500000,0.0,0.125,0.0
2007,Romance,32,6.350172207249667,1450000.0,139410783,18.75,0.485567216206147,1.227930416489035
2007,Science Fiction,1,5.0,0.0,0,0.0,0.0,0.0
2007,Thriller,16,6.285814659607284,1056250.0,52905137,12.5,0.3046211451706189,0.8559783359694192
2007,Unknown,6,5.200686663775987,0.0,0,0.0,0.0,0.0
2007,War,1,6.041392685158225,0.0,0,0.0,0.0,0.0
2008,Action,18,6.1739684525590555,2295555.5555555555,102330000,11.11111111111111,0.8095686043856776,2.694169806366678
2008,Adventure,5,6.239733616322452,2564000.0,13730000,20.0,1.414355400696864,4.218385476962145
2008,Animation,5,5.714201934461861,1400000.0,1100000,0.0,-0.16857142857142857,0.37693717334996457
2008,Comedy,34,6.2945324422509925,1073852.9411764706,102014469,14.705882352941178,0.23867084591273582,0.9498582150023814
2008,Crime,15,5.943813124574665,721333.3333333334,24880000,6.666666666666667,0.5859756097560975,2.304278872859324
2008,Documentary,3,5.100343331887994,0.0,0,0.0,0.0,0.0
2008,Drama,48,6.052653784480971,826041.6666666666,125704469,16.666666666666664,0.5104286648395956,1.6064178416705333
2008,Family,6,5.8993595808948625,1166666.6666666667,1100000,0.0,-0.14047619047619048,0.34409498767668456
2008,Fantasy,2,5.8580016718174,0.0,0,0.0,0.0,0.0
2008,History,3,5.810454588052996,1933333.3333333333,28700000,33.33333333333333,1.3160919540229885,2.279538131800419
2008,Horror,3,6.197762022340153,250000.0,2760000,33.33333333333333,0.8933333333333334,1.547298721428197
2008,Music,3,5.563398693342838,0.0,0,0.0,0.0,0.0
2008,Mystery,5,5.680280108156309,150000.0,2760000,20.0,0.536,1.1985324359398872
2008,Romance,28,6.174179239077918,1385000.0,187314469,21.428571428571427,0.7056282184859813,1.7637826975564679
2008,TV Movie,1,5.845098040014257,0.0,0,0.0,0.0,0.0
2008,Thriller,17,6.325721345779712,2109647.0588235296,91500000,11.76470588235294,0.40843029519500107,1.8555677937433792
2008,Unknown,8,5.225772496747986,0.0,0,0.0,0.0,0.0
2009,Action,19,6.2231150274872915,3063157.8947368423,68130000,5.263157894736842,-0.08658312447786132,0.4685552146349633
2009,Adventure,5,6.287303769023693,3600000.0,17400000,0.0,-0.1033333333333333,0.49782861843543436
2009,Animation,3,5.200686663775987,0.0,0,0.0,0.0,0.0
2009,Comedy,43,6.134282965272127,1907549.4186046512,182544985,9.30232558139535,0.28752968389011146,1.2747357669269377
2009,Crime,14,6.171629187997701,2013571.4285714286,42356959,21.428571428571427,0.3770157110463233,0.8775673830486863
2009,Documentary,4,5.075257498915995,0.0,0,0.0,0.0,0.0
2009,Drama,52,6.028383699308643,1598407.7115384615,171457614,9.615384615384617,0.22335788139680718,1.266785766662201
2009,Family,3,5.877822818526528,1083333.3333333333,0,0.0,-0.3333333333333333,0.5773502691896258
2009,Fantasy,2,6.345098040014257,0.0,0,0.0,0.0,0.0
2009,History,1,5.301029995663981,0.0,0,0.0,0.0,0.0
2009,Horror,5,5.857739252118051,1250000.0,8000000,0.0,0.05600000000000001,0.12521980673998823
2009,Music,4,5.660863169121547,2200000.0,0,0.0,-0.5,0.5773502691896257
2009,Mystery,5,5.857739252118051,1250000.0,8000000,0.0,0.05600000000000001,0.12521980673998823
2009,Romance,25,6.156850935298734,1897087.04,75550655,8.0,0.09194376878150466,0.9987224298844738
2009,Science Fiction,1,6.380211241711606,0.0,0,0.0,0.0,0.0
2009,TV Movie,2,5.150514997831991,0.0,0,0.0,0.0,0.0
2009,Thriller,15,6.021923643917827,913333.3333333334,7026959,0.0,-0.07174603174603172,0.24117374861688382
2009,Unknown,6,5.359727082015875,0.0,0,0.0,0.0,0.0
2010,Action,22,6.069289128078062,1555000.0,13200000,0.0,-0.20075036075036073,0.3931798141404377
2010,Adventure,6,5.963097554643827,700000.0,4000000,0.0,-0.007936507936507934,0.01944039478399347
2010,Animation,4,5.72302365067262,0.0,0,0.0,0.0,0.0
2010,Comedy,32,6.340831956268729,1803617.28125,88789498,21.875,0.32089749833800885,1.0556681811917752
2010,Crime,20,6.049890455362961,2408600.0,22861870,10.0,-0.03964120189956599,0.6465869794664686
2010,Drama,62,6.089845519037081,1496129.0322580645,116272988,8.064516129032258,0.07475554221325761,0.6744971841575821
2010,Family,6,6.345815241444803,800000.0,20000000,16.666666666666664,0.5277777777777778,1.292786253135566
2010,Fantasy,2,6.32708827093898,5000000.0,0,0.0,-0.5,0.7071067811865476
2010,History,1,6.0,0.0,0,0.0,0.0,0.0
2010,Horror,11,5.87088135455049,909090.9090909091,0,0.0,-0.09090909090909091,0.30151134457776363
2010,Music,1,6.505149978319906,0.0,0,0.0,0.0,0.0
2010,Mystery,6,5.636062314792061,1500000.0,0,0.0,-0.16666666666666666,0.408248290463863
2010,Romance,24,6.494693752301747,2268750.0,98672988,16.666666666666664,0.24204294277481775,1.0098006025472221
2010,Science Fiction,2,5.916254456353118,950000.0,680000,0.0,-0.32105263157894737,0.45403698581452
2010,Thriller,25,6.104872567693758,2266550.12,23900000,4.0,-0.05325012531328321,0.7196364679598427
2010,Unknown,2,5.150514997831991,0.0,0,0.0,0.0,0.0
2010,War,1,5.903089986991944,0.0,0,0.0,0.0,0.0
2011,Action,20,6.514799935133193,2921000.0,128346689,20.0,0.7206449949434927,1.641744265901244
2011,Adventure,5,5.881000933010074,4800000.0,35911689,0.0,0.099264075,0.22196121942363742
2011,Animation,4,5.369280313679916,0.0,0,0.0,0.0,0.0
2011,Comedy,35,6.25845876783166,1420000.0,264765870,20.0,1.1151057679849385,3.5469044080348455
2011,Crime,18,6.278504865270717,627777.7777777778,45134297,11.11111111111111,0.4771241830065359,1.3444068709579589
2011,Documentary,1,6.079181246047625,0.0,0,0.0,0.0,0.0
2011,Drama,61,6.115942269331469,804129.344262295,280551133,11.475409836065573,0.675036742104233,2.7514302243908153
2011,Family,5,6.086534863838987,0.0,0,0.0,0.0,0.0
2011,Horror,3,6.1843038167388364,0.0,0,0.0,0.0,0.0
2011,Music,3,6.412514579380958,3640000.0,19660000,0.0,0.2667887667887668,0.4620916989667884
2011,Mystery,6,6.1439198171332805,366666.6666666667,2900000,0.0,0.05303030303030303,0.12989718332941094
2011,Romance,23,6.2568408186456725,1240434.7826086956,211916836,17.391304347826086,1.2095919123355405,4.167558050384933
2011,Science Fiction,2,6.430468310350047,12000000.0,35911689,0.0,0.2481601875,0.3509515028035502
2011,TV Movie,1,5.778151250383644,0.0,0,0.0,0.0,0.0
2011,Thriller,20,6.266927795842473,1401500.0,28200000,5.0,0.1107567721574472,0.6784915594206429
2011,Unknown,6,5.368252502423772,0.0,0,0.0,0.0,0.0
2012,Action,16,6.235598754951546,1374375.0,32498336,6.25,0.053226744186046525,0.6894925739372778
2012,Adventure,4,5.768704110161294,0.0,698210,0.0,0.0,0.0
2012,Animation,6,5.750785911090982,0.0,0,0.0,0.0,0.0
2012,Comedy,23,6.2306625925319254,1001619.9130434783,41091132,13.043478260869565,0.17693293482341108,0.81568865766539
2012,Crime,5,6.226136213036074,0.0,4911878,0.0,0.0,0.0
2012,Documentary,1,5.0,0.0,0,0.0,0.0,0.0
2012,Drama,29,5.999770876905409,616618.0,19849809,0.0,-0.002953272074595469,0.2829985501514264
2012,Family,2,6.010594649534969,0.0,0,0.0,0.0,0.0
2012,Fantasy,2,5.899670274726791,842668.0,41197,0.0,-0.487777808104734,0.6898219916463357
2012,History,1,5.477121254719663,0.0,0,0.0,0.0,0.0
2012,Horror,4,6.268720559463723,1087500.0,14890000,25.0,0.7688888888888888,1.4160700268657813
2012,Music,1,5.301029995663981,0.0,0,0.0,0.0,0.0
2012,Mystery,1,6.732393759822969,0.0,4900000,0.0,0.0,0.0
2012,Romance,21,6.25381371594994,775107.5238095238,19189711,4.761904761904762,-0.03533984295048072,0.432737124568125
2012,Science Fiction,1,6.732393759822969,0.0,0,0.0,0.0,0.0
2012,TV Movie,1,5.6020599913279625,0.0,0,0.0,0.0,0.0
2012,Thriller,16,6.014172834665978,975000.0,30510088,6.25,0.2290491452991453,0.7568071789237782
2012,Unknown,10,5.195424250943932,0.0,0,0.0,0.0,0.0
2012,War,1,6.278753600952829,690000.0,0,0.0,-1.0,0.0
2013,Action,25,6.605409568838322,3848000.96,274610012,16.0,0.469459997651302,1.4291611011319953
2013,Adventure,3,5.912397547568246,2333333.3333333335,210000,0.0,-0.3233333333333333,0.560029761113937
2013,Animation,3,5.966058827832559,2333333.3333333335,210000,0.0,-0.3233333333333333,0.560029761113937
2013,Comedy,28,6.345080808111348,3517857.1428571427,159497000,17.857142857142858,0.31662306784757116,1.2748351961528381
2013,Crime,12,6.663773506227805,3155833.9166666665,140600012,41.66666666666667,1.424575747217026,2.03266343632784
2013,Documentary,1,6.079181246047625,550000.0,0,0.0,-1.0,0.0
2013,Drama,52,6.300114472609487,1686923.2115384615,143933773,13.461538461538462,0.4977405851338972,1.9481963662271127
2013,Family,3,6.125099246072447,2333333.3333333335,210000,0.0,-0.3233333333333333,0.560029761113937
2013,History,3,6.591930809226265,4966666.666666667,43210000,66.66666666666666,2.639776021080369,3.1261733532058225
2013,Horror,4,6.605181144483809,1550000.0,11900000,25.0,0.4642857142857143,0.539273888233625
2013,Mystery,3,6.501734753912501,233333.33333333334,2200000,33.33333333333333,0.7142857142857143,1.2371791482634837
2013,Romance,26,6.509739226883943,2657692.3076923075,225008761,23.076923076923077,1.0127685525043189,2.5430165425170945
2013,Science Fiction,1,7.290034611362518,20000000.0,84000000,100.0,3.2,0.0
2013,TV Movie,1,5.0,0.0,0,0.0,0.0,0.0
2013,Thriller,20,6.3277820881400135,1440000.85,63100000,15.0,0.3961020394290748,1.1855624472758695
2013,Unknown,8,5.340329240316727,181250.0,1600000,0.0,-0.01470588235294118,0.503816379390709
2014,Action,20,6.6100169500246055,3647772.05,124011315,25.0,3.7071885915365845,15.232880703032261
2014,Adventure,3,6.895268735466675,8333333.333333333,0,0.0,-0.3333333333333333,0.5773502691896258
2014,Animation,1,5.301029995663981,0.0,0,0.0,0.0,0.0
2014,Comedy,33,6.510178572003124,1645091.393939394,94607517,9.090909090909092,0.3202070477571176,1.5783001547648658
2014,Crime,15,6.509261962446318,4094635.6666666665,84114556,13.333333333333334,0.32021068128247987,0.8434791016591923
2014,Drama,49,6.153024579819502,678832.081632653,97676366,12.244897959183673,1.8784609498726939,9.862402015705703
2014,Family,4,5.692344331519035,365000.0,1505000,0.0,0.007705479452054775,0.015410958904109552
2014,Fantasy,1,6.9344984512435675,0.0,0,0.0,0.0,0.0
2014,History,3,6.1911119466886895,74685.33333333333,15536328,33.33333333333333,22.78042394163364,39.45685168486793
2014,Horror,7,6.030892628171657,5142857.142857143,42005906,0.0,-0.1038961038961039,0.40800722265987033
2014,Music,4,5.313818126275827,0.0,0,0.0,0.0,0.0
2014,Mystery,3,5.7101112561650025,1.6666666666666667,4,0.0,-0.06666666666666667,0.11547005383792516
2014,Romance,31,6.394211875018913,1343104.1612903227,104016537,12.903225806451612,0.5094313809561342,1.7716396837498452
2014,Science Fiction,2,5.588045629527841,16500000.0,42000000,0.0,0.13636363636363635,0.1928473039599675
2014,Thriller,22,6.202263684569582,420695.13636363635,18024507,9.090909090909092,0.11668740320316072,0.6453131447579495
2014,Unknown,8,5.26826600445978,0.0,0,0.0,0.0,0.0
2014,War,2,5.778151250383644,0.0,0,0.0,0.0,0.0
2015,Action,19,6.552644396808892,4094763.1578947366,204361990,26.31578947368421,0.9710150602792155,2.3047957633559544
2015,Adventure,1,7.725094521081469,13000000.0,150000000,100.0,10.538461538461538,0.0
2015,Animation,1,5.0,0.0,0,0.0,0.0,0.0
2015,Comedy,33,6.32806121055598,1756151.5151515151,277338351,12.121212121212121,0.5614052079858869,2.1080627635730655
2015,Crime,11,6.155624420844742,4354545.454545454,79080000,27.27272727272727,2.4574718074718076,7.354542284068666
2015,Drama,50,6.475200726475193,2314010.0,404645751,16.0,0.6179810749497711,2.1645720711594727
2015,Family,5,5.984362256940857,2600000.0,22000000,0.0,0.13846153846153847,0.30960941226920163
2015,Fantasy,3,5.827624527869585,1166666.6666666667,0,0.0,-0.3333333333333333,0.5773502691896258
2015,History,2,6.8398955854901775,11500000.0,56000000,50.0,0.435897435897436,2.030665628022906
2015,Horror,3,6.136362456482612,0.0,0,0.0,0.0,0.0
2015,Music,2,5.0,0.0,0,0.0,0.0,0.0
2015,Mystery,6,6.752528443182139,1616666.6666666667,23200000,16.666666666666664,0.4887752202330207,1.1876699439042526
2015,Romance,21,6.455499197208974,2954928.5714285714,193354535,19.047619047619047,0.9337906184322567,2.3890581606459182
2015,Science Fiction,1,6.3222192947339195,0.0,0,0.0,0.0,0.0
2015,Thriller,17,6.402507076645327,2320000.0,49849590,17.647058823529413,1.6079231280639767,5.979780094030663
2015,Unknown,9,5.412141106775092,0.0,0,0.0,0.0,0.0
2016,Action,21,6.470981699204014,2784885.9523809524,212214304,19.047619047619047,0.9396491656442448,2.2832717065046095
2016,Adventure,7,6.780788494327116,5907571.428571428,68277000,28.57142857142857,0.5148635965940666,0.9458237524746718
2016,Animation,1,5.301029995663981,0.0,0,0.0,0.0,0.0
2016,Comedy,22,6.2900824233816115,2067142.8636363635,376492627,13.636363636363635,1.6963717605420228,6.191872931997791
2016,Crime,12,6.561143279674469,3001288.25,70778086,16.666666666666664,0.555868838405685,0.9970902568447966
2016,Drama,59,6.314234279193658,3100128.2881355933,599571724,11.864406779661017,0.9673639885539793,4.050403695518822
2016,Family,5,6.570901075339334,2795428.6,329372627,40.0,6.554318624796811,12.605517898260132
2016,Fantasy,4,6.134139610642882,1687500.0,1500000,0.0,-0.19444444444444445,0.3888888888888889
2016,History,3,6.522577320849357,7166666.666666667,48000000,33.33333333333333,2.017429193899782,3.5453545353575544
2016,Horror,7,6.137272597346292,0.0,0,0.0,0.0,0.0
2016,Music,2,6.093760360418232,0.0,0,0.0,0.0,0.0
2016,Mystery,5,6.47066658701244,1013926.4,4817642,0.0,-0.00994115549215406,0.022229099455351856
2016,Romance,29,6.521487910169148,3071952.2413793104,219318888,13.793103448275861,0.664518044529921,1.9316765075283324
2016,Thriller,25,6.504332330139326,4506354.16,123557940,16.0,0.5136849673745528,1.2814222370889525
2016,Unknown,4,5.325257498915995,0.0,0,0.0,0.0,0.0
2017,Action,15,6.510120365970051,6983452.333333333,185950657,26.666666666666668,0.5158869930421335,1.4747975568810503
2017,Adventure,3,6.849344330241576,12900000.0,99110000,33.33333333333333,1.0643129397096804,2.1676775071395253
2017,Animation,1,5.845098040014257,0.0,0,0.0,0.0,0.0
2017,Comedy,37,6.425975323971679,2196563.3243243243,228248291,18.91891891891892,0.7826443685643415,2.694246631059569
2017,Crime,14,6.29383834536376,4091428.5714285714,10772440,0.0,-0.09453534709338281,0.4062255710385521
2017,Documentary,1,5.301029995663981,0.0,0,0.0,0.0,0.0
2017,Drama,58,6.150929338909437,978411.3620689656,276742371,6.896551724137931,8.534540342973552,62.89535462645598
2017,Family,4,5.92430733568993,0.0,0,0.0,0.0,0.0
2017,Fantasy,2,6.80479720461261,4200000.0,37000000,50.0,1.7023809523809523,2.407530231182769
2017,History,4,6.239425760387208,3000962.0,0,0.0,-0.25,0.5
2017,Horror,4,5.899423796481378,2100000.0,37000000,25.0,0.8511904761904762,1.7023809523809523
2017,Music,2,6.974279831054481,143142.0,137416709,50.0,239.5006793952858,338.70510899838365
2017,Mystery,3,6.099980966674256,6566666.666666667,12500000,0.0,-0.12182741116751267,0.21101126589671595
2017,Romance,26,6.413667948383009,3172387.8846153845,135274096,15.384615384615385,0.2275271833694492,0.9340089880127049
2017,Science Fiction,1,5.477121254719663,0.0,0,0.0,0.0,0.0
2017,Thriller,18,6.562186891924484,4827777.777777778,121946529,11.11111111111111,0.1971665305169798,0.9708601785309893
2017,Unknown,3,5.259383750127881,0.0,0,0.0,0.0,0.0
2017,War,2,6.76541988930826,6001924.0,0,0.0,-0.5,0.7071067811865476
2018,Action,12,6.411838061961496,2583333.3333333335,3136000,0.0,-0.0749032258064516,0.25947238549515694
2018,Adventure,4,6.991638863367489,8509527.25,6625863,0.0,-0.18753573138911034,0.47935472600824763
2018,Comedy,28,6.581606360570155,2537075.3214285714,194419817,25.0,1.4057166609260339,3.1894790987673134
2018,Crime,10,6.416621054502126,2125000.0,102200000,30.0,1.4302998715733402,2.622803292939069
2018,Documentary,3,6.312254999203314,0.0,0,0.0,0.0,0.0
2018,Drama,60,6.335805484021327,2416585.7333333334,372266836,16.666666666666664,0.6455829395056225,2.047072877920861
2018,Family,4,6.556343476018204,0.0,0,0.0,0.0,0.0
2018,Fantasy,2,6.670321188780353,0.0,0,0.0,0.0,0.0
2018,History,5,6.738205901977773,8581000.0,105473897,40.0,0.9847061455197134,2.074752447701488
2018,Horror,5,6.6411856585738125,1080000.0,27000000,40.0,1.5615384615384615,2.818157524752569
2018,Music,3,6.78391535806774,1500000.0,40000000,33.33333333333333,2.6296296296296298,4.554652123607048
2018,Mystery,7,6.3317109555752396,1014285.7142857143,46000000,28.57142857142857,1.313797313797314,2.9400165362529553
2018,Romance,23,6.463312702703826,2860869.565217391,147673194,13.043478260869565,0.48230326834969617,1.8805557512395055
2018,Science Fiction,1,5.0,0.0,0,0.0,0.0,0.0
2018,Thriller,25,6.298731618296631,1326200.0,126000000,16.0,0.7036755041848916,1.9298644033625716
2018,Unknown,4,5.25,0.0,0,0.0,0.0,0.0
2018,War,1,6.146128035678238,0.0,0,0.0,0.0,0.0
2019,Action,14,6.524019953116598,1250000.0,0,0.0,-0.07142857142857142,0.2672612419124244
2019,Adventure,2,6.857750972646642,0.0,0,0.0,0.0,0.0
2019,Animation,1,6.491361693834273,0.0,0,0.0,0.0,0.0
2019,Comedy,19,6.436687108061776,547157.8947368421,55637667,10.526315789473683,0.4832441974483632,1.5100130491171344
2019,Crime,6,6.268890746013269,0.0,0,0.0,0.0,0.0
2019,Documentary,3,5.301029995663981,0.0,0,0.0,0.0,0.0
2019,Drama,40,6.270277822021349,722400.0,90565273,5.0,0.2595603903146369,1.3822389103573756
2019,Family,2,5.98656392679985,0.0,0,0.0,0.0,0.0
2019,Fantasy,2,5.66110964736696,0.0,0,0.0,0.0,0.0
2019,History,4,6.648523519395029,5517750.0,41512000,25.0,1.7704003500328156,4.2337930823718155
2019,Horror,2,5.627636252551653,0.0,0,0.0,0.0,0.0
2019,Mystery,5,5.5827627704767435,0.0,0,0.0,0.0,0.0
2019,Romance,20,6.44795612297915,519800.0,73547426,10.0,0.45908198757594504,1.4737056418880656
2019,Science Fiction,1,6.3222192947339195,0.0,0,0.0,0.0,0.0
2019,Thriller,16,6.148528207841811,0.0,0,0.0,0.0,0.0
2019,Unknown,3,5.0,0.0,0,0.0,0.0,0.0
2019,War,3,6.415121529211588,0.0,0,0.0,0.0,0.0
2020,Action,3,6.607334844696509,2650816.6666666665,18473570,33.33333333333333,0.44100120088777667,0.7638364861365183
2020,Adventure,1,7.096910013008056,7952450.0,18473570,100.0,1.32300360266333,0.0
2020,Comedy,22,6.367397222242608,0.0,0,0.0,0.0,0.0
2020,Crime,6,6.211531230258377,0.0,0,0.0,0.0,0.0
2020,Drama,42,5.9970553840053045,68146.52380952382,5306068,0.0,-0.003432530543059658,0.20553063366195004
2020,Family,3,6.032765845498233,0.0,0,0.0,0.0,0.0
2020,Fantasy,1,7.220108088040055,0.0,0,0.0,0.0,0.0
2020,Horror,4,6.353308171598629,0.0,0,0.0,0.0,0.0
2020,Mystery,1,6.9344984512435675,0.0,0,0.0,0.0,0.0
2020,Romance,13,5.9066476086704505,232.69230769230768,0,0.0,-0.07692307692307693,0.2773500981126145
2020,Thriller,14,6.3187576800553265,568032.1428571428,18473570,7.142857142857142,0.094500257333095,0.35358758590241324
2020,Unknown,14,5.137448520432991,1071.4285714285713,0,0.0,-0.07142857142857142,0.2672612419124244
2020,War,1,5.0,0.0,0,0.0,0.0,0.0
2021,Action,13,6.210698870031588,1952755.923076923,35000000,7.6923076923076925,-0.02366863905325444,0.6361749410391213
2021,Adventure,2,6.3993253227226345,0.0,0,0.0,0.0,0.0
2021,Comedy,21,6.047650104036857,195238.09523809524,3600000,0.0,-0.005807200929152148,0.026611937833657603
2021,Crime,17,5.92268621596976,961764.7058823529,35000000,5.88235294117647,-0.01809954751131222,0.551040846597478
2021,Documentary,2,6.004300085880959,0.0,27544,0.0,0.0,0.0
2021,Drama,63,5.879452833748371,640229.0634920635,25452983,0.0,-0.11600155882240079,0.3174285218124632
2021,Family,5,6.121104104687494,6835.4,0,0.0,-0.2,0.4472135954999579
2021,History,4,6.716084332128201,9196747.0,25480527,0.0,-0.0770245514528126,0.15404910290562518
2021,Horror,5,6.245433313346286,820000.0,3600000,0.0,-0.024390243902439022,0.0545382433536534
2021,Music,1,5.954242509439325,0.0,0,0.0,0.0,0.0
2021,Mystery,5,6.14083010336796,0.0,0,0.0,0.0,0.0
2021,Romance,18,6.029918271584741,7439.777777777777,0,0.0,-0.05555555555555555,0.23570226039551584
2021,TV Movie,2,5.150514997831991,0.0,0,0.0,0.0,0.0
2021,Thriller,21,6.268929582091327,1232658.4285714286,35000000,4.761904761904762,-0.06227106227106227,0.5377022380611826
2021,Unknown,7,5.1290128552845635,0.0,0,0.0,0.0,0.0
2021,War,2,6.753927935847916,0.0,0,0.0,0.0,0.0
2022,Action,11,6.508883806453515,10138439.818181818,2600000,0.0,-0.3390151515151515,0.47617644053990377
2022,Adventure,2,6.6986222905051935,11000000.0,0,0.0,-0.5,0.7071067811865476
2022,Comedy,20,6.130885954799753,5394982.55,27000000,0.0,-0.08775260257195346,0.3433843222156752
2022,Crime,8,6.761207487374827,10125000.0,25300000,12.5,0.013541666666666674,0.5640334037586388
2022,Drama,28,6.104802547001255,1821416.107142857,82300000,7.142857142857142,0.1606582125603865,0.9356346490114333
2022,Family,2,6.29553230351325,4399825.5,0,0.0,-0.5,0.7071067811865476
2022,Fantasy,2,6.380211241711606,11000000.0,0,0.0,-0.5,0.7071067811865476
2022,History,3,6.889766093610805,4000000.0,25300000,33.33333333333333,0.36944444444444446,0.6398965483518353
2022,Horror,4,5.938108152315369,1775000.0,11000000,0.0,0.13732394366197184,0.2746478873239437
2022,Music,1,5.477121254719663,0.0,0,0.0,0.0,0.0
2022,Mystery,4,6.705751116912844,1800000.0,41000000,25.0,1.1736111111111112,2.3472222222222223
2022,Romance,8,6.181593006956167,2875000.0,16000000,0.0,-0.03804347826086956,0.10760320583273549
2022,Science Fiction,2,6.891808882595375,4800000.0,2600000,0.0,-0.3645833333333333,0.5155986946151908
2022,Thriller,16,6.447915107955493,1732677.375,43600000,6.25,0.18532986111111113,1.2388149754514504
2022,Unknown,8,5.150514997831991,0.0,0,0.0,0.0,0.0
2022,Western,1,6.57978359661681,0.0,0,0.0,0.0,0.0
2023,Action,15,6.567334639553233,13782666.666666666,484668671,20.0,0.787215809066313,2.148247190804752
2023,Adventure,6,6.617329989631663,24015000.0,252970000,16.666666666666664,0.6088747644404309,1.2925958900282404
2023,Comedy,20,6.205116682062068,1792500.0,59014500,10.0,0.2068699712643678,1.2209355410334144
2023,Crime,14,6.2527013673721825,928571.4285714285,108300000,7.142857142857142,0.5236263736263737,1.9592304887887724
2023,Documentary,1,5.6020599913279625,0.0,0,0.0,0.0,0.0
2023,Drama,61,5.866277113141017,1248558.1639344261,175938171,6.557377049180328,0.1644803619709037,1.2322743013388888
2023,Family,10,5.830168962208729,346204.8,321687,0.0,-0.1893199909164794,0.39991464202110794
2023,Fantasy,2,6.00851666964939,31500721.5,54300000,0.0,-0.569047619047619,0.6094587018798339
2023,History,3,6.117007617528041,4300000.0,0,0.0,-0.6666666666666666,0.5773502691896258
2023,Horror,6,5.450405089407588,0.0,0,0.0,0.0,0.0
2023,Music,1,6.792391689498254,0.0,0,0.0,0.0,0.0
2023,Mystery,5,5.8041385357364055,80000.0,14500,0.0,-0.19275,0.4310021026630845
2023,Romance,18,6.025584672704626,500669.3333333333,321687,0.0,-0.10517777273137746,0.3066597585705002
2023,Science Fiction,1,5.301029995663981,0.0,0,0.0,0.0,0.0
2023,Thriller,28,6.168549900078963,4455000.0,322068671,7.142857142857142,0.20055582654716803,0.8169426547840632
2023,Unknown,3,5.100343331887994,0.0,0,0.0,0.0,0.0
2023,War,2,6.265739458521128,7950000.0,0,0.0,-1.0,0.0
2024,Action,22,6.159980065271094,6393571.2727272725,124741579,4.545454545454546,0.1712384549512168,0.990276400694854
2024,Adventure,4,5.566204455752384,0.0,0,0.0,0.0,0.0
2024,Animation,1,5.0,940000.0,0,0.0,-1.0,0.0
2024,Comedy,22,6.183469529439143,1930009.0909090908,406939831,9.090909090909092,0.16461197082138643,0.8703529164324739
2024,Crime,12,6.3257904262253115,5589666.666666667,56400831,0.0,-0.03665526452538813,0.206233369691791
2024,Documentary,2,5.0,0.0,0,0.0,0.0,0.0
2024,Drama,61,5.869468982639322,2426537.180327869,459080566,1.639344262295082,-0.013375490477998775,0.6516726675924208
2024,Family,6,5.391708003055694,156666.66666666666,0,0.0,-0.16666666666666666,0.408248290463863
2024,Fantasy,3,5.100343331887994,313333.3333333333,0,0.0,-0.3333333333333333,0.5773502691896258
2024,History,2,5.862137934800394,0.0,0,0.0,0.0,0.0
2024,Horror,7,6.166353280888187,4128571.4285714286,71300000,28.57142857142857,0.7712555301841016,1.365870501414206
2024,Music,1,6.447158031342219,0.0,0,0.0,0.0,0.0
2024,Mystery,5,6.199986535827561,0.0,0,0.0,0.0,0.0
2024,Romance,10,6.170233619048825,960000.0,338517156,0.0,-0.01145833333333333,0.03623443152276267
2024,Science Fiction,2,5.853785088048968,0.0,0,0.0,0.0,0.0
2024,Thriller,31,6.119008775754764,2631905.419354839,80263021,3.225806451612903,0.11374388445475052,0.8317545215682788
2024,Unknown,6,5.0,0.0,0,0.0,0.0,0.0
2024,War,1,5.778151250383644,0.0,0,0.0,0.0,0.0
2025,Action,24,5.994037592935403,6342487.875,341568278,12.5,0.6252026915754559,2.085755282939816
2025,Adventure,2,6.016711877743475,23500000.0,3096145,0.0,-0.4670622872340426,0.6605258210793812
2025,Animation,1,6.556302500767288,4700000.0,36000000,100.0,6.659574468085107,0.0
2025,Comedy,28,5.89542085867718,1000000.0,43990093,0.0,0.0025510204081632642,0.013498731178900967
2025,Crime,13,6.010363887151602,3314361.923076923,181063823,7.6923076923076925,0.4648718723361218,1.6983638952979971
2025,Documentary,2,5.0,0.0,0,0.0,0.0,0.0
2025,Drama,52,5.762864168495705,1255890.1153846155,166859079,5.769230769230769,0.18244603239607596,1.2065458600417878
2025,Family,5,5.513169563734704,7000.0,0,0.0,-0.2,0.4472135954999579
2025,Fantasy,2,6.016711877743475,2350000.0,36000000,50.0,3.3297872340425534,4.7090302661997745
2025,History,4,6.203184901024317,3950000.0,94988235,25.0,1.2529784018987342,2.5059568037974684
2025,Horror,6,5.74430975500141,0.0,282403,0.0,0.0,0.0
2025,Music,3,5.713293028800412,0.0,0,0.0,0.0,0.0
2025,Mystery,7,5.9881063476957035,4840285.714285715,36705000,0.0,0.030192423790325374,0.05522396962126308
2025,Romance,23,5.860387949986297,794490.8695652174,10654452,0.0,-0.127944753429434,0.33792359337659555
2025,Science Fiction,2,5.8740940135031,0.0,10154307,0.0,0.0,0.0
2025,Thriller,27,6.080000413775785,4784137.37037037,220890113,7.4074074074074066,0.21802661230602266,1.2499876321813574
2025,Unknown,2,5.0,0.0,0,0.0,0.0,0.0
2025,War,3,5.900810178815175,0.0,114872,0.0,0.0,0.0
